Seq,AOU,English_Common_Name,French_Common_Name,Spanish_Common_Name,ORDER,Family,Genus,Species
6,1770,Black-bellied Whistling-Duck,Dendrocygne à ventre noir,Dendrocygna autumnalis,Anseriformes,Anatidae,Dendrocygna,autumnalis
7,1780,Fulvous Whistling-Duck,Dendrocygne fauve,Dendrocygna bicolor,Anseriformes,Anatidae,Dendrocygna,bicolor
8,1760,Emperor Goose,Oie empereur,Anser canagicus,Anseriformes,Anatidae,Anser,canagicus
9,1690,Snow Goose,Oie des neiges,Anser caerulescens,Anseriformes,Anatidae,Anser,caerulescens
10,1691,(Blue Goose) Snow Goose,Oie des neiges (forme bleue),Anser caerulescens (blue form),Anseriformes,Anatidae,Anser,caerulescens (blue form)
11,1700,Ross's Goose,Oie de Ross,Anser rossii,Anseriformes,Anatidae,Anser,rossii
13,1710,Greater White-fronted Goose,Oie rieuse,Anser albifrons,Anseriformes,Anatidae,Anser,albifrons
18,1730,Brant,Bernache cravant,Branta bernicla,Anseriformes,Anatidae,Branta,bernicla
19,1740,(Black Brant) Brant,Bernache cravant (groupe nigricans),Branta bernicla nigricans,Anseriformes,Anatidae,Branta,bernicla nigricans
21,1725,Cackling Goose,Bernache de Hutchins,Branta hutchinsii,Anseriformes,Anatidae,Branta,hutchinsii
22,1720,Canada Goose,Bernache du Canada,Branta canadensis,Anseriformes,Anatidae,Branta,canadensis
23,1782,Mute Swan,Cygne tuberculé,Cygnus olor,Anseriformes,Anatidae,Cygnus,olor
24,1810,Trumpeter Swan,Cygne trompette,Cygnus buccinator,Anseriformes,Anatidae,Cygnus,buccinator
25,1800,Tundra Swan,Cygne siffleur,Cygnus columbianus,Anseriformes,Anatidae,Cygnus,columbianus
27,20630,Egyptian Goose,Ouette d'Égypte,Alopochen aegyptiaca,Anseriformes,Anatidae,Alopochen,aegyptiaca
28,10210,Muscovy Duck,Canard musqué,Cairina moschata,Anseriformes,Anatidae,Cairina,moschata
29,1440,Wood Duck,Canard branchu,Aix sponsa,Anseriformes,Anatidae,Aix,sponsa
32,1400,Blue-winged Teal,Sarcelle à ailes bleues,Spatula discors,Anseriformes,Anatidae,Spatula,discors
33,1410,Cinnamon Teal,Sarcelle cannelle,Spatula cyanoptera,Anseriformes,Anatidae,Spatula,cyanoptera
34,1420,Northern Shoveler,Canard souchet,Spatula clypeata,Anseriformes,Anatidae,Spatula,clypeata
35,1350,Gadwall,Canard chipeau,Mareca strepera,Anseriformes,Anatidae,Mareca,strepera
37,1360,Eurasian Wigeon,Canard siffleur,Mareca penelope,Anseriformes,Anatidae,Mareca,penelope
38,1370,American Wigeon,Canard d'Amérique,Mareca americana,Anseriformes,Anatidae,Mareca,americana
40,1320,Mallard,Canard colvert,Anas platyrhynchos,Anseriformes,Anatidae,Anas,platyrhynchos
41,1331,(Mexican Duck) Mallard,Canard du Mexique,Anas platyrhynchos diazi,Anseriformes,Anatidae,Anas,platyrhynchos diazi
42,1330,American Black Duck,Canard noir,Anas rubripes,Anseriformes,Anatidae,Anas,rubripes
43,1340,Mottled Duck,Canard brun,Anas fulvigula,Anseriformes,Anatidae,Anas,fulvigula
44,1326,hybrid Mallard x Black Duck or Mottled Duck,hybride Canard colvert x Canard noir,Anas platyrhynchos x rubripes or fulvigula,Anseriformes,Anatidae,Anas,platyrhynchos x rubripes or fulvigula
46,1430,Northern Pintail,Canard pilet,Anas acuta,Anseriformes,Anatidae,Anas,acuta
47,1390,Green-winged Teal,Sarcelle d'hiver,Anas crecca,Anseriformes,Anatidae,Anas,crecca
48,1470,Canvasback,Fuligule à dos blanc,Aythya valisineria,Anseriformes,Anatidae,Aythya,valisineria
49,1460,Redhead,Fuligule à tête rouge,Aythya americana,Anseriformes,Anatidae,Aythya,americana
51,1500,Ring-necked Duck,Fuligule à collier,Aythya collaris,Anseriformes,Anatidae,Aythya,collaris
52,1491,Tufted Duck,Fuligule morillon,Aythya fuligula,Anseriformes,Anatidae,Aythya,fuligula
53,1480,Greater Scaup,Fuligule milouinan,Aythya marila,Anseriformes,Anatidae,Aythya,marila
54,1490,Lesser Scaup,Petit Fuligule,Aythya affinis,Anseriformes,Anatidae,Aythya,affinis
55,1489,unid. Greater Scaup / Lesser Scaup,unid Fuligule milouinan / Petit Fuligule,Aythya marila / affinis,Anseriformes,Anatidae,Aythya,marila / affinis
58,1620,King Eider,Eider à tête grise,Somateria spectabilis,Anseriformes,Anatidae,Somateria,spectabilis
59,1590,Common Eider,Eider à duvet,Somateria mollissima,Anseriformes,Anatidae,Somateria,mollissima
60,1550,Harlequin Duck,Arlequin plongeur,Histrionicus histrionicus,Anseriformes,Anatidae,Histrionicus,histrionicus
61,1660,Surf Scoter,Macreuse à front blanc,Melanitta perspicillata,Anseriformes,Anatidae,Melanitta,perspicillata
62,1650,White-winged Scoter,Macreuse à ailes blanches,Melanitta deglandi,Anseriformes,Anatidae,Melanitta,deglandi
65,1630,Black Scoter,Macreuse à bec jaune,Melanitta americana,Anseriformes,Anatidae,Melanitta,americana
66,1657,unid. scoter,unid macreuse sp.,Melanitta sp.,Anseriformes,Anatidae,Melanitta,sp.
67,1540,Long-tailed Duck,Harelde kakawi,Clangula hyemalis,Anseriformes,Anatidae,Clangula,hyemalis
68,1530,Bufflehead,Petit Garrot,Bucephala albeola,Anseriformes,Anatidae,Bucephala,albeola
69,1510,Common Goldeneye,Garrot à oeil d'or,Bucephala clangula,Anseriformes,Anatidae,Bucephala,clangula
70,1520,Barrow's Goldeneye,Garrot d'Islande,Bucephala islandica,Anseriformes,Anatidae,Bucephala,islandica
71,1512,unid. Common Goldeneye / Barrow's Goldeneye,unid Garrot à oeil d'or / Garrot d'Islande,Bucephala clangula / islandica,Anseriformes,Anatidae,Bucephala,clangula / islandica
73,1310,Hooded Merganser,Harle couronné,Lophodytes cucullatus,Anseriformes,Anatidae,Lophodytes,cucullatus
74,1290,Common Merganser,Grand Harle,Mergus merganser,Anseriformes,Anatidae,Mergus,merganser
75,1300,Red-breasted Merganser,Harle huppé,Mergus serrator,Anseriformes,Anatidae,Mergus,serrator
77,1670,Ruddy Duck,Érismature rousse,Oxyura jamaicensis,Anseriformes,Anatidae,Oxyura,jamaicensis
78,3110,Plain Chachalaca,Ortalide chacamel,Ortalis vetula,Galliformes,Cracidae,Ortalis,vetula
86,2920,Mountain Quail,Colin des montagnes,Oreortyx pictus,Galliformes,Odontophoridae,Oreortyx,pictus
91,2890,Northern Bobwhite,Colin de Virginie,Colinus virginianus,Galliformes,Odontophoridae,Colinus,virginianus
93,2930,Scaled Quail,Colin écaillé,Callipepla squamata,Galliformes,Odontophoridae,Callipepla,squamata
95,2940,California Quail,Colin de Californie,Callipepla californica,Galliformes,Odontophoridae,Callipepla,californica
96,2950,Gambel's Quail,Colin de Gambel,Callipepla gambelii,Galliformes,Odontophoridae,Callipepla,gambelii
97,2960,Montezuma Quail,Colin arlequin,Cyrtonyx montezumae,Galliformes,Odontophoridae,Cyrtonyx,montezumae
101,2882,Chukar,Perdrix choukar,Alectoris chukar,Galliformes,Phasianidae,Alectoris,chukar
104,2881,Gray Partridge,Perdrix grise,Perdix perdix,Galliformes,Phasianidae,Perdix,perdix
105,3091,Ring-necked Pheasant,Faisan de Colchide,Phasianus colchicus,Galliformes,Phasianidae,Phasianus,colchicus
106,3095,Indian Peafowl,Paon bleu,Pavo cristatus,Galliformes,Phasianidae,Pavo,cristatus
107,3000,Ruffed Grouse,Gélinotte huppée,Bonasa umbellus,Galliformes,Phasianidae,Bonasa,umbellus
108,3090,Greater Sage-Grouse,Tétras des armoises,Centrocercus urophasianus,Galliformes,Phasianidae,Centrocercus,urophasianus
109,3089,Gunnison Sage-Grouse,Tétras du Gunnison,Centrocercus minimus,Galliformes,Phasianidae,Centrocercus,minimus
110,2980,Spruce Grouse,Tétras du Canada,Falcipennis canadensis,Galliformes,Phasianidae,Falcipennis,canadensis
111,3010,Willow Ptarmigan,Lagopède des saules,Lagopus lagopus,Galliformes,Phasianidae,Lagopus,lagopus
112,3020,Rock Ptarmigan,Lagopède alpin,Lagopus muta,Galliformes,Phasianidae,Lagopus,muta
113,3040,White-tailed Ptarmigan,Lagopède à queue blanche,Lagopus leucura,Galliformes,Phasianidae,Lagopus,leucura
114,2970,Dusky Grouse,Tétras sombre,Dendragapus obscurus,Galliformes,Phasianidae,Dendragapus,obscurus
115,2971,Sooty Grouse,Tétras fuligineux,Dendragapus fuliginosus,Galliformes,Phasianidae,Dendragapus,fuliginosus
116,2973,unid. Dusky Grouse / Sooty Grouse,unid Tétras sombre / Tétras fuligineux,Dendragapus obscurus / fuliginosus,Galliformes,Phasianidae,Dendragapus,obscurus / fuliginosus
117,3080,Sharp-tailed Grouse,Tétras à queue fine,Tympanuchus phasianellus,Galliformes,Phasianidae,Tympanuchus,phasianellus
118,3050,Greater Prairie-Chicken,Tétras des prairies,Tympanuchus cupido,Galliformes,Phasianidae,Tympanuchus,cupido
119,3070,Lesser Prairie-Chicken,Tétras pâle,Tympanuchus pallidicinctus,Galliformes,Phasianidae,Tympanuchus,pallidicinctus
120,3100,Wild Turkey,Dindon sauvage,Meleagris gallopavo,Galliformes,Phasianidae,Meleagris,gallopavo
123,50,Least Grebe,Grèbe minime,Tachybaptus dominicus,Podicipediformes,Podicipedidae,Tachybaptus,dominicus
124,60,Pied-billed Grebe,Grèbe à bec bigarré,Podilymbus podiceps,Podicipediformes,Podicipedidae,Podilymbus,podiceps
125,30,Horned Grebe,Grèbe esclavon,Podiceps auritus,Podicipediformes,Podicipedidae,Podiceps,auritus
126,20,Red-necked Grebe,Grèbe jougris,Podiceps grisegena,Podicipediformes,Podicipedidae,Podiceps,grisegena
127,40,Eared Grebe,Grèbe à cou noir,Podiceps nigricollis,Podicipediformes,Podicipedidae,Podiceps,nigricollis
128,10,Western Grebe,Grèbe élégant,Aechmophorus occidentalis,Podicipediformes,Podicipedidae,Aechmophorus,occidentalis
129,11,Clark's Grebe,Grèbe à face blanche,Aechmophorus clarkii,Podicipediformes,Podicipedidae,Aechmophorus,clarkii
130,12,unid. Western Grebe / Clark's Grebe,unid Grèbe élégant / Grèbe à face blanche,Aechmophorus occidentalis / clarkii,Podicipediformes,Podicipedidae,Aechmophorus,occidentalis / clarkii
131,3131,Rock Pigeon,Pigeon biset,Columba livia,Columbiformes,Columbidae,Columba,livia
135,3140,White-crowned Pigeon,Pigeon à couronne blanche,Patagioenas leucocephala,Columbiformes,Columbidae,Patagioenas,leucocephala
136,3130,Red-billed Pigeon,Pigeon à bec rouge,Patagioenas flavirostris,Columbiformes,Columbidae,Patagioenas,flavirostris
137,3120,Band-tailed Pigeon,Pigeon à queue barrée,Patagioenas fasciata,Columbiformes,Columbidae,Patagioenas,fasciata
140,3152,African Collared-Dove (a.k.a. Ringed Turtle-Dove),Tourterelle rieuse,Streptopelia roseogrisea,Columbiformes,Columbidae,Streptopelia,roseogrisea
142,22860,Eurasian Collared-Dove,Tourterelle turque,Streptopelia decaocto,Columbiformes,Columbidae,Streptopelia,decaocto
143,3151,Spotted Dove,Tourterelle tigrine,Streptopelia chinensis,Columbiformes,Columbidae,Streptopelia,chinensis
144,3210,Inca Dove,Colombe inca,Columbina inca,Columbiformes,Columbidae,Columbina,inca
145,3200,Common Ground Dove,Colombe à queue noire,Columbina passerina,Columbiformes,Columbidae,Columbina,passerina
147,3201,Ruddy Ground Dove,Colombe rousse,Columbina talpacoti,Columbiformes,Columbidae,Columbina,talpacoti
152,3180,White-tipped Dove,Colombe de Verreaux,Leptotila verreauxi,Columbiformes,Columbidae,Leptotila,verreauxi
158,3190,White-winged Dove,Tourterelle à ailes blanches,Zenaida asiatica,Columbiformes,Columbidae,Zenaida,asiatica
160,3160,Mourning Dove,Tourterelle triste,Zenaida macroura,Columbiformes,Columbidae,Zenaida,macroura
162,3830,Smooth-billed Ani,Ani à bec lisse,Crotophaga ani,Cuculiformes,Cuculidae,Crotophaga,ani
163,3840,Groove-billed Ani,Ani à bec cannelé,Crotophaga sulcirostris,Cuculiformes,Cuculidae,Crotophaga,sulcirostris
168,3850,Greater Roadrunner,Grand Géocoucou,Geococcyx californianus,Cuculiformes,Cuculidae,Geococcyx,californianus
173,3870,Yellow-billed Cuckoo,Coulicou à bec jaune,Coccyzus americanus,Cuculiformes,Cuculidae,Coccyzus,americanus
174,3860,Mangrove Cuckoo,Coulicou manioc,Coccyzus minor,Cuculiformes,Cuculidae,Coccyzus,minor
175,3880,Black-billed Cuckoo,Coulicou à bec noir,Coccyzus erythropthalmus,Cuculiformes,Cuculidae,Coccyzus,erythropthalmus
176,3875,unid. Yellow-billed Cuckoo / Black-billed Cuckoo,unid Coulicou à bec jaune / Coulicou à bec noir,Coccyzus americanus / erythropthalmus,Cuculiformes,Cuculidae,Coccyzus,americanus / erythropthalmus
178,4210,Lesser Nighthawk,Engoulevent minime,Chordeiles acutipennis,Caprimulgiformes,Caprimulgidae,Chordeiles,acutipennis
179,4200,Common Nighthawk,Engoulevent d'Amérique,Chordeiles minor,Caprimulgiformes,Caprimulgidae,Chordeiles,minor
180,4201,Antillean Nighthawk,Engoulevent piramidig,Chordeiles gundlachii,Caprimulgiformes,Caprimulgidae,Chordeiles,gundlachii
181,4205,unid. Lesser Nighthawk / Common Nighthawk,unid Engoulevent minime / Engoulevent d'Amérique,Chordeiles acutipennis / minor,Caprimulgiformes,Caprimulgidae,Chordeiles,acutipennis / minor
182,4206,unid. Common Nighthawk / Antillean Nighthawk,unid Engoulevent d'Amérique / piramidig,Chordeiles minor / gundlachii,Caprimulgiformes,Caprimulgidae,Chordeiles,minor / gundlachii
183,4190,Common Pauraque,Engoulevent pauraqué,Nyctidromus albicollis,Caprimulgiformes,Caprimulgidae,Nyctidromus,albicollis
184,4180,Common Poorwill,Engoulevent de Nuttall,Phalaenoptilus nuttallii,Caprimulgiformes,Caprimulgidae,Phalaenoptilus,nuttallii
187,4160,Chuck-will's-widow,Engoulevent de Caroline,Antrostomus carolinensis,Caprimulgiformes,Caprimulgidae,Antrostomus,carolinensis
191,4171,Eastern Whip-poor-will,Engoulevent bois-pourri,Antrostomus vociferus,Caprimulgiformes,Caprimulgidae,Antrostomus,vociferus
192,4172,Mexican Whip-poor-will,Engoulevent d'Arizona,Antrostomus arizonae,Caprimulgiformes,Caprimulgidae,Antrostomus,arizonae
197,4220,Black Swift,Martinet sombre,Cypseloides niger,Apodiformes,Apodidae,Cypseloides,niger
202,4230,Chimney Swift,Martinet ramoneur,Chaetura pelagica,Apodiformes,Apodidae,Chaetura,pelagica
203,4240,Vaux's Swift,Martinet de Vaux,Chaetura vauxi,Apodiformes,Apodidae,Chaetura,vauxi
207,4250,White-throated Swift,Martinet à gorge blanche,Aeronautes saxatalis,Apodiformes,Apodidae,Aeronautes,saxatalis
220,4260,Rivoli's Hummingbird,Colibri de Rivoli,Eugenes fulgens,Apodiformes,Trochilidae,Eugenes,fulgens
225,4270,Blue-throated Mountain-gem,Colibri à gorge bleue,Lampornis clemenciae,Apodiformes,Trochilidae,Lampornis,clemenciae
230,4370,Lucifer Hummingbird,Colibri lucifer,Calothorax lucifer,Apodiformes,Trochilidae,Calothorax,lucifer
232,4280,Ruby-throated Hummingbird,Colibri à gorge rubis,Archilochus colubris,Apodiformes,Trochilidae,Archilochus,colubris
233,4290,Black-chinned Hummingbird,Colibri à gorge noire,Archilochus alexandri,Apodiformes,Trochilidae,Archilochus,alexandri
234,4295,unid. Ruby-throated / Black-chinned Hummingbird,unid Colibri à gorge rubis / Colibri à gorge noire,Archilochus colubris / alexandri,Apodiformes,Trochilidae,Archilochus,colubris / alexandri
236,4310,Anna's Hummingbird,Colibri d'Anna,Calypte anna,Apodiformes,Trochilidae,Calypte,anna
237,4300,Costa's Hummingbird,Colibri de Costa,Calypte costae,Apodiformes,Trochilidae,Calypte,costae
240,4320,Broad-tailed Hummingbird,Colibri à queue large,Selasphorus platycercus,Apodiformes,Trochilidae,Selasphorus,platycercus
241,4330,Rufous Hummingbird,Colibri roux,Selasphorus rufus,Apodiformes,Trochilidae,Selasphorus,rufus
242,4340,Allen's Hummingbird,Colibri d'Allen,Selasphorus sasin,Apodiformes,Trochilidae,Selasphorus,sasin
243,4335,unid. Rufous Hummingbird / Allen's Hummingbird,unid Colibri roux / Colibri d'Allen,Selasphorus rufus / sasin,Apodiformes,Trochilidae,Selasphorus,rufus / sasin
244,4402,unid. hummingbird,unid Colibri sp.,Trochilid sp.,Apodiformes,Trochilidae,Trochilid,sp.
245,4360,Calliope Hummingbird,Colibri calliope,Selasphorus calliope,Apodiformes,Trochilidae,Selasphorus,calliope
250,4410,Broad-billed Hummingbird,Colibri circé,Cynanthus latirostris,Apodiformes,Trochilidae,Cynanthus,latirostris
266,4390,Buff-bellied Hummingbird,Ariane du Yucatan,Amazilia yucatanensis,Apodiformes,Trochilidae,Amazilia,yucatanensis
268,4391,Violet-crowned Hummingbird,Ariane à couronne violette,Amazilia violiceps,Apodiformes,Trochilidae,Amazilia,violiceps
273,2150,Yellow Rail,Râle jaune,Coturnicops noveboracensis,Gruiformes,Rallidae,Coturnicops,noveboracensis
276,2160,Black Rail,Râle noir,Laterallus jamaicensis,Gruiformes,Rallidae,Laterallus,jamaicensis
278,2111,Ridgway's Rail,Râle de Californie,Rallus obsoletus,Gruiformes,Rallidae,Rallus,obsoletus
279,2110,Clapper Rail,Râle tapageur,Rallus crepitans,Gruiformes,Rallidae,Rallus,crepitans
281,2080,King Rail,Râle élégant,Rallus elegans,Gruiformes,Rallidae,Rallus,elegans
282,2090,unid. Clapper / King Rail,unid Râle élégant / Râle Gris,Rallus crepitans / elegans,Gruiformes,Rallidae,Rallus,crepitans / elegans
283,2120,Virginia Rail,Râle de Virginie,Rallus limicola,Gruiformes,Rallidae,Rallus,limicola
287,2140,Sora,Marouette de Caroline,Porzana carolina,Gruiformes,Rallidae,Porzana,carolina
291,2180,Purple Gallinule,Talève violacée,Porphyrio martinicus,Gruiformes,Rallidae,Porphyrio,martinicus
292,21930,Purple Swamphen,Talève sultane,Porphyrio porphyrio,Gruiformes,Rallidae,Porphyrio,porphyrio
293,2190,Common Gallinule,Gallinule d'Amérique,Gallinula galeata,Gruiformes,Rallidae,Gallinula,galeata
296,2210,American Coot,Foulque d'Amérique,Fulica americana,Gruiformes,Rallidae,Fulica,americana
298,2070,Limpkin,Courlan brun,Aramus guarauna,Gruiformes,Aramidae,Aramus,guarauna
299,2060,Sandhill Crane,Grue du Canada,Antigone canadensis,Gruiformes,Gruidae,Antigone,canadensis
301,2040,Whooping Crane,Grue blanche,Grus americana,Gruiformes,Gruidae,Grus,americana
304,2260,Black-necked Stilt,Échasse d'Amérique,Himantopus mexicanus,Charadriiformes,Recurvirostridae,Himantopus,mexicanus
305,2250,American Avocet,Avocette d'Amérique,Recurvirostra americana,Charadriiformes,Recurvirostridae,Recurvirostra,americana
307,2860,American Oystercatcher,Huîtrier d'Amérique,Haematopus palliatus,Charadriiformes,Haematopodidae,Haematopus,palliatus
308,2870,Black Oystercatcher,Huîtrier de Bachman,Haematopus bachmani,Charadriiformes,Haematopodidae,Haematopus,bachmani
311,2700,Black-bellied Plover,Pluvier argenté,Pluvialis squatarola,Charadriiformes,Charadriidae,Pluvialis,squatarola
313,2720,American Golden-Plover,Pluvier bronzé,Pluvialis dominica,Charadriiformes,Charadriidae,Pluvialis,dominica
314,2721,Pacific Golden-Plover,Pluvier fauve,Pluvialis fulva,Charadriiformes,Charadriidae,Pluvialis,fulva
316,2730,Killdeer,Pluvier kildir,Charadrius vociferus,Charadriiformes,Charadriidae,Charadrius,vociferus
317,2750,Common Ringed Plover,Pluvier grand-gravelot,Charadrius hiaticula,Charadriiformes,Charadriidae,Charadrius,hiaticula
318,2740,Semipalmated Plover,Pluvier semipalmé,Charadrius semipalmatus,Charadriiformes,Charadriidae,Charadrius,semipalmatus
319,2770,Piping Plover,Pluvier siffleur,Charadrius melodus,Charadriiformes,Charadriidae,Charadrius,melodus
323,2800,Wilson's Plover,Pluvier de Wilson,Charadrius wilsonia,Charadriiformes,Charadriidae,Charadrius,wilsonia
325,2810,Mountain Plover,Pluvier montagnard,Charadrius montanus,Charadriiformes,Charadriidae,Charadrius,montanus
326,2780,Snowy Plover,Pluvier neigeux,Charadrius nivosus,Charadriiformes,Charadriidae,Charadrius,nivosus
328,2610,Upland Sandpiper,Maubèche des champs,Bartramia longicauda,Charadriiformes,Scolopacidae,Bartramia,longicauda
329,2680,Bristle-thighed Curlew,Courlis d'Alaska,Numenius tahitiensis,Charadriiformes,Scolopacidae,Numenius,tahitiensis
330,2650,Whimbrel,Courlis corlieu,Numenius phaeopus,Charadriiformes,Scolopacidae,Numenius,phaeopus
332,2640,Long-billed Curlew,Courlis à long bec,Numenius americanus,Charadriiformes,Scolopacidae,Numenius,americanus
336,2500,Bar-tailed Godwit,Barge rousse,Limosa lapponica,Charadriiformes,Scolopacidae,Limosa,lapponica
338,2510,Hudsonian Godwit,Barge hudsonienne,Limosa haemastica,Charadriiformes,Scolopacidae,Limosa,haemastica
339,2490,Marbled Godwit,Barge marbrée,Limosa fedoa,Charadriiformes,Scolopacidae,Limosa,fedoa
340,2830,Ruddy Turnstone,Tournepierre à collier,Arenaria interpres,Charadriiformes,Scolopacidae,Arenaria,interpres
341,2840,Black Turnstone,Tournepierre noir,Arenaria melanocephala,Charadriiformes,Scolopacidae,Arenaria,melanocephala
343,2340,Red Knot,Bécasseau maubèche,Calidris canutus,Charadriiformes,Scolopacidae,Calidris,canutus
344,2820,Surfbird,Bécasseau du ressac,Calidris virgata,Charadriiformes,Scolopacidae,Calidris,virgata
345,2600,Ruff,Combattant varié,Calidris pugnax,Charadriiformes,Scolopacidae,Calidris,pugnax
347,2380,Sharp-tailed Sandpiper,Bécasseau à queue pointue,Calidris acuminata,Charadriiformes,Scolopacidae,Calidris,acuminata
348,2330,Stilt Sandpiper,Bécasseau à échasses,Calidris himantopus,Charadriiformes,Scolopacidae,Calidris,himantopus
353,2422,Red-necked Stint,Bécasseau à col roux,Calidris ruficollis,Charadriiformes,Scolopacidae,Calidris,ruficollis
354,2480,Sanderling,Bécasseau sanderling,Calidris alba,Charadriiformes,Scolopacidae,Calidris,alba
355,2430,Dunlin,Bécasseau variable,Calidris alpina,Charadriiformes,Scolopacidae,Calidris,alpina
356,2356,Rock Sandpiper,Bécasseau des Aléoutiennes,Calidris ptilocnemis,Charadriiformes,Scolopacidae,Calidris,ptilocnemis
357,2350,Purple Sandpiper,Bécasseau violet,Calidris maritima,Charadriiformes,Scolopacidae,Calidris,maritima
358,2410,Baird's Sandpiper,Bécasseau de Baird,Calidris bairdii,Charadriiformes,Scolopacidae,Calidris,bairdii
360,2420,Least Sandpiper,Bécasseau minuscule,Calidris minutilla,Charadriiformes,Scolopacidae,Calidris,minutilla
361,2400,White-rumped Sandpiper,Bécasseau à croupion blanc,Calidris fuscicollis,Charadriiformes,Scolopacidae,Calidris,fuscicollis
362,2620,Buff-breasted Sandpiper,Bécasseau roussâtre,Calidris subruficollis,Charadriiformes,Scolopacidae,Calidris,subruficollis
363,2390,Pectoral Sandpiper,Bécasseau à poitrine cendrée,Calidris melanotos,Charadriiformes,Scolopacidae,Calidris,melanotos
364,2460,Semipalmated Sandpiper,Bécasseau semipalmé,Calidris pusilla,Charadriiformes,Scolopacidae,Calidris,pusilla
365,2470,Western Sandpiper,Bécasseau d'Alaska,Calidris mauri,Charadriiformes,Scolopacidae,Calidris,mauri
366,2429,unid. small ''peep'' sandpiper,unid petit Bécasseau sp.,Calidris sp.,Charadriiformes,Scolopacidae,Calidris,sp.
367,2310,Short-billed Dowitcher,Bécassin roux,Limnodromus griseus,Charadriiformes,Scolopacidae,Limnodromus,griseus
368,2320,Long-billed Dowitcher,Bécassin à long bec,Limnodromus scolopaceus,Charadriiformes,Scolopacidae,Limnodromus,scolopaceus
369,2327,unid. Short-billed / Long-billed Dowitcher,unid Bécassin roux / Bécassin à long bec,Limnodromus griseus / scolopaceus,Charadriiformes,Scolopacidae,Limnodromus,griseus / scolopaceus
372,2280,American Woodcock,Bécasse d'Amérique,Scolopax minor,Charadriiformes,Scolopacidae,Scolopax,minor
376,2300,Wilson's Snipe,Bécassine de Wilson,Gallinago delicata,Charadriiformes,Scolopacidae,Gallinago,delicata
378,2631,Common Sandpiper,Chevalier guignette,Actitis hypoleucos,Charadriiformes,Scolopacidae,Actitis,hypoleucos
379,2630,Spotted Sandpiper,Chevalier grivelé,Actitis macularius,Charadriiformes,Scolopacidae,Actitis,macularius
381,2560,Solitary Sandpiper,Chevalier solitaire,Tringa solitaria,Charadriiformes,Scolopacidae,Tringa,solitaria
383,2590,Wandering Tattler,Chevalier errant,Tringa incana,Charadriiformes,Scolopacidae,Tringa,incana
384,2550,Lesser Yellowlegs,Petit Chevalier,Tringa flavipes,Charadriiformes,Scolopacidae,Tringa,flavipes
385,2555,unid. Greater Yellowlegs / Lesser Yellowlegs,unid Grand Chevalier / Petit Chevalier,Tringa melanoleuca / flavipes,Charadriiformes,Scolopacidae,Tringa,melanoleuca / flavipes
386,2580,Willet,Chevalier semipalmé,Tringa semipalmata,Charadriiformes,Scolopacidae,Tringa,semipalmata
388,2530,Common Greenshank,Chevalier aboyeur,Tringa nebularia,Charadriiformes,Scolopacidae,Tringa,nebularia
389,2540,Greater Yellowlegs,Grand Chevalier,Tringa melanoleuca,Charadriiformes,Scolopacidae,Tringa,melanoleuca
393,2240,Wilson's Phalarope,Phalarope de Wilson,Phalaropus tricolor,Charadriiformes,Scolopacidae,Phalaropus,tricolor
394,2230,Red-necked Phalarope,Phalarope à bec étroit,Phalaropus lobatus,Charadriiformes,Scolopacidae,Phalaropus,lobatus
399,360,Pomarine Jaeger,Labbe pomarin,Stercorarius pomarinus,Charadriiformes,Stercorariidae,Stercorarius,pomarinus
400,370,Parasitic Jaeger,Labbe parasite,Stercorarius parasiticus,Charadriiformes,Stercorariidae,Stercorarius,parasiticus
401,380,Long-tailed Jaeger,Labbe à longue queue,Stercorarius longicaudus,Charadriiformes,Stercorariidae,Stercorarius,longicaudus
403,300,Common Murre,Guillemot marmette,Uria aalge,Charadriiformes,Alcidae,Uria,aalge
404,310,Thick-billed Murre,Guillemot de Brünnich,Uria lomvia,Charadriiformes,Alcidae,Uria,lomvia
405,315,unid. Common Murre / Thick-billed Murre,unid Guillemot marmette / Guillemot de Brünnich,Uria aalge / lomvia,Charadriiformes,Laridae,Uria,aalge / lomvia
406,320,Razorbill,Petit Pingouin,Alca torda,Charadriiformes,Alcidae,Alca,torda
407,270,Black Guillemot,Guillemot à miroir,Cepphus grylle,Charadriiformes,Alcidae,Cepphus,grylle
408,290,Pigeon Guillemot,Guillemot colombin,Cepphus columba,Charadriiformes,Alcidae,Cepphus,columba
410,230,Marbled Murrelet,Guillemot marbré,Brachyramphus marmoratus,Charadriiformes,Alcidae,Brachyramphus,marmoratus
411,240,Kittlitz's Murrelet,Guillemot de Kittlitz,Brachyramphus brevirostris,Charadriiformes,Alcidae,Brachyramphus,brevirostris
415,210,Ancient Murrelet,Guillemot à cou blanc,Synthliboramphus antiquus,Charadriiformes,Alcidae,Synthliboramphus,antiquus
416,160,Cassin's Auklet,Starique de Cassin,Ptychoramphus aleuticus,Charadriiformes,Alcidae,Ptychoramphus,aleuticus
421,150,Rhinoceros Auklet,Macareux rhinocéros,Cerorhinca monocerata,Charadriiformes,Alcidae,Cerorhinca,monocerata
423,140,Horned Puffin,Macareux cornu,Fratercula corniculata,Charadriiformes,Alcidae,Fratercula,corniculata
424,120,Tufted Puffin,Macareux huppé,Fratercula cirrhata,Charadriiformes,Alcidae,Fratercula,cirrhata
426,400,Black-legged Kittiwake,Mouette tridactyle,Rissa tridactyla,Charadriiformes,Laridae,Rissa,tridactyla
429,620,Sabine's Gull,Mouette de Sabine,Xema sabini,Charadriiformes,Laridae,Xema,sabini
430,600,Bonaparte's Gull,Mouette de Bonaparte,Chroicocephalus philadelphia,Charadriiformes,Laridae,Chroicocephalus,philadelphia
432,551,Black-headed Gull,Mouette rieuse,Chroicocephalus ridibundus,Charadriiformes,Laridae,Chroicocephalus,ridibundus
433,601,Little Gull,Mouette pygmée,Hydrocoloeus minutus,Charadriiformes,Laridae,Hydrocoloeus,minutus
434,610,Ross's Gull,Mouette rosée,Rhodostethia rosea,Charadriiformes,Laridae,Rhodostethia,rosea
436,580,Laughing Gull,Mouette atricille,Leucophaeus atricilla,Charadriiformes,Laridae,Leucophaeus,atricilla
437,590,Franklin's Gull,Mouette de Franklin,Leucophaeus pipixcan,Charadriiformes,Laridae,Leucophaeus,pipixcan
440,570,Heermann's Gull,Goéland de Heermann,Larus heermanni,Charadriiformes,Laridae,Larus,heermanni
441,550,Mew Gull,Goéland cendré,Larus canus,Charadriiformes,Laridae,Larus,canus
442,540,Ring-billed Gull,Goéland à bec cerclé,Larus delawarensis,Charadriiformes,Laridae,Larus,delawarensis
443,490,Western Gull,Goéland d'Audubon,Larus occidentalis,Charadriiformes,Laridae,Larus,occidentalis
445,530,California Gull,Goéland de Californie,Larus californicus,Charadriiformes,Laridae,Larus,californicus
446,510,Herring Gull,Goéland argenté,Larus argentatus,Charadriiformes,Laridae,Larus,argentatus
448,430,Iceland Gull,Goéland arctique,Larus glaucoides,Charadriiformes,Laridae,Larus,glaucoides
449,500,Lesser Black-backed Gull,Goéland brun,Larus fuscus,Charadriiformes,Laridae,Larus,fuscus
450,480,Slaty-backed Gull,Goéland à manteau ardoisé,Larus schistisagus,Charadriiformes,Laridae,Larus,schistisagus
451,440,Glaucous-winged Gull,Goéland à ailes grises,Larus glaucescens,Charadriiformes,Laridae,Larus,glaucescens
452,495,hybrid Western Gull x Glaucous-winged Gull,hybride Goéland à ailes grises x d'Audubon,Larus occidentalis x glaucescens,Charadriiformes,Laridae,Larus,occidentalis x glaucescens
453,420,Glaucous Gull,Goéland bourgmestre,Larus hyperboreus,Charadriiformes,Laridae,Larus,hyperboreus
454,470,Great Black-backed Gull,Goéland marin,Larus marinus,Charadriiformes,Laridae,Larus,marinus
456,534,unid. gull,unid Goéland sp.,Gull sp.,Charadriiformes,Laridae,Gull,sp.
463,730,Aleutian Tern,Sterne des Aléoutiennes,Onychoprion aleuticus,Charadriiformes,Laridae,Onychoprion,aleuticus
464,740,Least Tern,Petite Sterne,Sternula antillarum,Charadriiformes,Laridae,Sternula,antillarum
466,630,Gull-billed Tern,Sterne hansel,Gelochelidon nilotica,Charadriiformes,Laridae,Gelochelidon,nilotica
467,640,Caspian Tern,Sterne caspienne,Hydroprogne caspia,Charadriiformes,Laridae,Hydroprogne,caspia
468,770,Black Tern,Guifette noire,Chlidonias niger,Charadriiformes,Laridae,Chlidonias,niger
471,720,Roseate Tern,Sterne de Dougall,Sterna dougallii,Charadriiformes,Laridae,Sterna,dougallii
472,700,Common Tern,Sterne pierregarin,Sterna hirundo,Charadriiformes,Laridae,Sterna,hirundo
473,710,Arctic Tern,Sterne arctique,Sterna paradisaea,Charadriiformes,Laridae,Sterna,paradisaea
474,690,Forster's Tern,Sterne de Forster,Sterna forsteri,Charadriiformes,Laridae,Sterna,forsteri
475,650,Royal Tern,Sterne royale,Thalasseus maximus,Charadriiformes,Laridae,Thalasseus,maximus
476,670,Sandwich Tern,Sterne caugek,Thalasseus sandvicensis,Charadriiformes,Laridae,Thalasseus,sandvicensis
477,660,Elegant Tern,Sterne élégante,Thalasseus elegans,Charadriiformes,Laridae,Thalasseus,elegans
478,634,unid. tern,unid Sterne sp.,Tern sp.,Charadriiformes,Laridae,Tern,sp.
479,800,Black Skimmer,Bec-en-ciseaux noir,Rynchops niger,Charadriiformes,Laridae,Rynchops,niger
484,110,Red-throated Loon,Plongeon catmarin,Gavia stellata,Gaviiformes,Gaviidae,Gavia,stellata
485,90,Arctic Loon,Plongeon arctique,Gavia arctica,Gaviiformes,Gaviidae,Gavia,arctica
486,100,Pacific Loon,Plongeon du Pacifique,Gavia pacifica,Gaviiformes,Gaviidae,Gavia,pacifica
487,70,Common Loon,Plongeon huard,Gavia immer,Gaviiformes,Gaviidae,Gavia,immer
488,80,Yellow-billed Loon,Plongeon à bec blanc,Gavia adamsii,Gaviiformes,Gaviidae,Gavia,adamsii
489,77,unid. loon,plongeon sp.,Gavia sp.,Gaviiformes,Gaviidae,Gavia,sp.
506,1060,Leach's Storm-Petrel,Océanite cul-blanc,Hydrobates leucorhous,Procellariiformes,Hydrobatidae,Hydrobates,leucorhous
516,860,Northern Fulmar,Fulmar boréal,Fulmarus glacialis,Procellariiformes,Procellariidae,Fulmarus,glacialis
538,880,Cory's Shearwater,Puffin cendré,Calonectris diomedea,Procellariiformes,Procellariidae,Calonectris,diomedea
549,900,Manx Shearwater,Puffin des Anglais,Puffinus puffinus,Procellariiformes,Procellariidae,Puffinus,puffinus
556,1880,Wood Stork,Tantale d'Amérique,Mycteria americana,Ciconiiformes,Ciconiidae,Mycteria,americana
558,1280,Magnificent Frigatebird,Frégate superbe,Fregata magnificens,Suliformes,Fregatidae,Fregata,magnificens
560,1140,Masked Booby,Fou masqué,Sula dactylatra,Suliformes,Sulidae,Sula,dactylatra
562,1141,Blue-footed Booby,Fou à pieds bleus,Sula nebouxii,Suliformes,Sulidae,Sula,nebouxii
563,1150,Brown Booby,Fou brun,Sula leucogaster,Suliformes,Sulidae,Sula,leucogaster
565,1170,Northern Gannet,Fou de Bassan,Morus bassanus,Suliformes,Sulidae,Morus,bassanus
566,1220,Brandt's Cormorant,Cormoran de Brandt,Phalacrocorax penicillatus,Suliformes,Phalacrocoracidae,Phalacrocorax,penicillatus
567,1210,Neotropic Cormorant,Cormoran vigua,Phalacrocorax brasilianus,Suliformes,Phalacrocoracidae,Phalacrocorax,brasilianus
568,1200,Double-crested Cormorant,Cormoran à aigrettes,Phalacrocorax auritus,Suliformes,Phalacrocoracidae,Phalacrocorax,auritus
569,1205,unid. Neotropic / Double-crested Cormorant,Cormoran vigua / Cormoran à aigrettes,Phalacrocorax brasilianus / auritus,Suliformes,Phalacrocoracidae,Phalacrocorax,brasilianus / auritus
570,1190,Great Cormorant,Grand Cormoran,Phalacrocorax carbo,Suliformes,Phalacrocoracidae,Phalacrocorax,carbo
571,1206,unid. Double-crested Cormorant / Great Cormorant,Cormoran à aigrettes / Grand Cormoran,Phalacrocorax auritus / carbo,Suliformes,Phalacrocoracidae,Phalacrocorax,auritus / carbo
573,1230,Pelagic Cormorant,Cormoran pélagique,Phalacrocorax pelagicus,Suliformes,Phalacrocoracidae,Phalacrocorax,pelagicus
574,1207,unid. west coast cormorant,unid Cormoran de la côte ouest,Phalacrocorax sp.,Suliformes,Phalacrocoracidae,Phalacrocorax,sp.
575,1180,Anhinga,Anhinga d'Amérique,Anhinga anhinga,Suliformes,Anhingidae,Anhinga,anhinga
576,1250,American White Pelican,Pélican d'Amérique,Pelecanus erythrorhynchos,Pelecaniformes,Pelecanidae,Pelecanus,erythrorhynchos
577,1260,Brown Pelican,Pélican brun,Pelecanus occidentalis,Pelecaniformes,Pelecanidae,Pelecanus,occidentalis
579,1900,American Bittern,Butor d'Amérique,Botaurus lentiginosus,Pelecaniformes,Ardeidae,Botaurus,lentiginosus
581,1910,Least Bittern,Petit Blongios,Ixobrychus exilis,Pelecaniformes,Ardeidae,Ixobrychus,exilis
583,1940,Great Blue Heron,Grand Héron,Ardea herodias,Pelecaniformes,Ardeidae,Ardea,herodias
584,1920,(Great White Heron) Great Blue Heron,Grand Héron (blanche),Ardea herodias occidentalis,Pelecaniformes,Ardeidae,Ardea,herodias occidentalis
586,1960,Great Egret,Grande Aigrette,Ardea alba,Pelecaniformes,Ardeidae,Ardea,alba
589,1961,Little Egret,Aigrette garzette,Egretta garzetta,Pelecaniformes,Ardeidae,Egretta,garzetta
591,1970,Snowy Egret,Aigrette neigeuse,Egretta thula,Pelecaniformes,Ardeidae,Egretta,thula
592,2000,Little Blue Heron,Aigrette bleue,Egretta caerulea,Pelecaniformes,Ardeidae,Egretta,caerulea
593,1990,Tricolored Heron,Aigrette tricolore,Egretta tricolor,Pelecaniformes,Ardeidae,Egretta,tricolor
594,1980,Reddish Egret,Aigrette roussâtre,Egretta rufescens,Pelecaniformes,Ardeidae,Egretta,rufescens
595,2001,Cattle Egret,Héron garde-boeufs,Bubulcus ibis,Pelecaniformes,Ardeidae,Bubulcus,ibis
597,2010,Green Heron,Héron vert,Butorides virescens,Pelecaniformes,Ardeidae,Butorides,virescens
600,2020,Black-crowned Night-Heron,Bihoreau gris,Nycticorax nycticorax,Pelecaniformes,Ardeidae,Nycticorax,nycticorax
601,2030,Yellow-crowned Night-Heron,Bihoreau violacé,Nyctanassa violacea,Pelecaniformes,Ardeidae,Nyctanassa,violacea
602,2035,unid Black-crowned / Yellow-crowned Night-Heron,unid Bihoreau gris / Bihoreau violacé,Nycticorax / Nyctanassa nycticorax / violacea,Pelecaniformes,Ardeidae,Nycticorax / Nyctanassa,nycticorax / violacea
604,1945,unid. heron / egret,unid héron / aigrette sp.,Ardeid sp.,Pelecaniformes,Ardeidae,Ardeid,sp.
605,1840,White Ibis,Ibis blanc,Eudocimus albus,Pelecaniformes,Threskiornithidae,Eudocimus,albus
607,1860,Glossy Ibis,Ibis falcinelle,Plegadis falcinellus,Pelecaniformes,Threskiornithidae,Plegadis,falcinellus
608,1870,White-faced Ibis,Ibis à face blanche,Plegadis chihi,Pelecaniformes,Threskiornithidae,Plegadis,chihi
609,1861,unid. Glossy Ibis / White-faced Ibis,unid Ibis falcinelle / Ibis à face blanche,Plegadis falcinellus / chihi,Pelecaniformes,Threskiornithidae,Plegadis,falcinellus / chihi
610,1830,Roseate Spoonbill,Spatule rosée,Platalea ajaja,Pelecaniformes,Threskiornithidae,Platalea,ajaja
611,3260,Black Vulture,Urubu noir,Coragyps atratus,Cathartiformes,Cathartidae,Coragyps,atratus
612,3250,Turkey Vulture,Urubu à tête rouge,Cathartes aura,Cathartiformes,Cathartidae,Cathartes,aura
613,3255,unid. Black Vulture / Turkey Vulture,unid Urubu noir / Urubu à tête rouge,Coragyps / Cathartes atratus / aura,Cathartiformes,Cathartidae,Coragyps / Cathartes,atratus / aura
615,3240,California Condor,Condor de Californie,Gymnogyps californianus,Cathartiformes,Cathartidae,Gymnogyps,californianus
617,3640,Osprey,Balbuzard pêcheur,Pandion haliaetus,Accipitriformes,Pandionidae,Pandion,haliaetus
618,3280,White-tailed Kite,Élanion à queue blanche,Elanus leucurus,Accipitriformes,Accipitridae,Elanus,leucurus
619,3271,Hook-billed Kite,Bec-en-croc de Temminck,Chondrohierax uncinatus,Accipitriformes,Accipitridae,Chondrohierax,uncinatus
621,3270,Swallow-tailed Kite,Naucler à queue fourchue,Elanoides forficatus,Accipitriformes,Accipitridae,Elanoides,forficatus
624,3490,Golden Eagle,Aigle royal,Aquila chrysaetos,Accipitriformes,Accipitridae,Aquila,chrysaetos
629,3310,Northern Harrier,Busard des marais,Circus hudsonius,Accipitriformes,Accipitridae,Circus,hudsonius
631,3320,Sharp-shinned Hawk,Épervier brun,Accipiter striatus,Accipitriformes,Accipitridae,Accipiter,striatus
632,3330,Cooper's Hawk,Épervier de Cooper,Accipiter cooperii,Accipitriformes,Accipitridae,Accipiter,cooperii
634,3340,Northern Goshawk,Autour des palombes,Accipiter gentilis,Accipitriformes,Accipitridae,Accipiter,gentilis
635,3333,unid. Accipiter hawk,unid épervier sp.,Accipiter sp.,Accipitriformes,Accipitridae,Accipiter,sp.
637,3520,Bald Eagle,Pygargue à tête blanche,Haliaeetus leucocephalus,Accipitriformes,Accipitridae,Haliaeetus,leucocephalus
640,3290,Mississippi Kite,Milan du Mississippi,Ictinia mississippiensis,Accipitriformes,Accipitridae,Ictinia,mississippiensis
644,3300,Snail Kite,Milan des marais,Rostrhamus sociabilis,Accipitriformes,Accipitridae,Rostrhamus,sociabilis
645,3450,Common Black Hawk,Buse noire,Buteogallus anthracinus,Accipitriformes,Accipitridae,Buteogallus,anthracinus
649,3350,Harris's Hawk,Buse de Harris,Parabuteo unicinctus,Accipitriformes,Accipitridae,Parabuteo,unicinctus
650,3410,White-tailed Hawk,Buse à queue blanche,Geranoaetus albicaudatus,Accipitriformes,Accipitridae,Geranoaetus,albicaudatus
652,3460,Gray Hawk,Buse grise,Buteo plagiatus,Accipitriformes,Accipitridae,Buteo,plagiatus
653,3390,Red-shouldered Hawk,Buse à épaulettes,Buteo lineatus,Accipitriformes,Accipitridae,Buteo,lineatus
654,3430,Broad-winged Hawk,Petite Buse,Buteo platypterus,Accipitriformes,Accipitridae,Buteo,platypterus
655,3440,Short-tailed Hawk,Buse à queue courte,Buteo brachyurus,Accipitriformes,Accipitridae,Buteo,brachyurus
656,3420,Swainson's Hawk,Buse de Swainson,Buteo swainsoni,Accipitriformes,Accipitridae,Buteo,swainsoni
657,3400,Zone-tailed Hawk,Buse à queue barrée,Buteo albonotatus,Accipitriformes,Accipitridae,Buteo,albonotatus
658,3370,Red-tailed Hawk,Buse à queue rousse,Buteo jamaicensis,Accipitriformes,Accipitridae,Buteo,jamaicensis
659,3380,(Harlan's Hawk) Red-tailed Hawk,Buse à queue rousse (groupe harlani),Buteo jamaicensis harlani,Accipitriformes,Accipitridae,Buteo,jamaicensis harlani
660,3470,Rough-legged Hawk,Buse pattue,Buteo lagopus,Accipitriformes,Accipitridae,Buteo,lagopus
661,3480,Ferruginous Hawk,Buse rouilleuse,Buteo regalis,Accipitriformes,Accipitridae,Buteo,regalis
662,3451,unid. Buteo hawk,unid Buse sp.,Buteo sp.,Accipitriformes,Accipitridae,Buteo,sp.
663,3650,Barn Owl,Effraie des clochers,Tyto alba,Strigiformes,Tytonidae,Tyto,alba
665,3740,Flammulated Owl,Petit-duc nain,Psiloscops flammeolus,Strigiformes,Strigidae,Psiloscops,flammeolus
666,3732,Western Screech-Owl,Petit-duc des montagnes,Megascops kennicottii,Strigiformes,Strigidae,Megascops,kennicottii
667,3730,Eastern Screech-Owl,Petit-duc maculé,Megascops asio,Strigiformes,Strigidae,Megascops,asio
670,3731,Whiskered Screech-Owl,Petit-duc à moustaches,Megascops trichopsis,Strigiformes,Strigidae,Megascops,trichopsis
675,3750,Great Horned Owl,Grand-duc d'Amérique,Bubo virginianus,Strigiformes,Strigidae,Bubo,virginianus
676,3760,Snowy Owl,Harfang des neiges,Bubo scandiacus,Strigiformes,Strigidae,Bubo,scandiacus
677,3770,Northern Hawk Owl,Chouette épervière,Surnia ulula,Strigiformes,Strigidae,Surnia,ulula
678,3790,Northern Pygmy-Owl,Chevêchette naine,Glaucidium gnoma,Strigiformes,Strigidae,Glaucidium,gnoma
682,3800,Ferruginous Pygmy-Owl,Chevêchette brune,Glaucidium brasilianum,Strigiformes,Strigidae,Glaucidium,brasilianum
683,3810,Elf Owl,Chevêchette des saguaros,Micrathene whitneyi,Strigiformes,Strigidae,Micrathene,whitneyi
684,3780,Burrowing Owl,Chevêche des terriers,Athene cunicularia,Strigiformes,Strigidae,Athene,cunicularia
687,3690,Spotted Owl,Chouette tachetée,Strix occidentalis,Strigiformes,Strigidae,Strix,occidentalis
688,3680,Barred Owl,Chouette rayée,Strix varia,Strigiformes,Strigidae,Strix,varia
690,3700,Great Gray Owl,Chouette lapone,Strix nebulosa,Strigiformes,Strigidae,Strix,nebulosa
691,3660,Long-eared Owl,Hibou moyen-duc,Asio otus,Strigiformes,Strigidae,Asio,otus
693,3670,Short-eared Owl,Hibou des marais,Asio flammeus,Strigiformes,Strigidae,Asio,flammeus
695,3710,Boreal Owl,Nyctale de Tengmalm,Aegolius funereus,Strigiformes,Strigidae,Aegolius,funereus
696,3720,Northern Saw-whet Owl,Petite Nyctale,Aegolius acadicus,Strigiformes,Strigidae,Aegolius,acadicus
703,3890,Elegant Trogon,Trogon élégant,Trogon elegans,Trogoniformes,Trogonidae,Trogon,elegans
716,3901,Ringed Kingfisher,Martin-pêcheur à ventre roux,Megaceryle torquata,Coraciiformes,Alcedinidae,Megaceryle,torquata
717,3900,Belted Kingfisher,Martin-pêcheur d'Amérique,Megaceryle alcyon,Coraciiformes,Alcedinidae,Megaceryle,alcyon
719,3910,Green Kingfisher,Martin-pêcheur vert,Chloroceryle americana,Coraciiformes,Alcedinidae,Chloroceryle,americana
728,4080,Lewis's Woodpecker,Pic de Lewis,Melanerpes lewis,Piciformes,Picidae,Melanerpes,lewis
729,4060,Red-headed Woodpecker,Pic à tête rouge,Melanerpes erythrocephalus,Piciformes,Picidae,Melanerpes,erythrocephalus
730,4070,Acorn Woodpecker,Pic glandivore,Melanerpes formicivorus,Piciformes,Picidae,Melanerpes,formicivorus
735,4110,Gila Woodpecker,Pic des saguaros,Melanerpes uropygialis,Piciformes,Picidae,Melanerpes,uropygialis
736,4100,Golden-fronted Woodpecker,Pic à front doré,Melanerpes aurifrons,Piciformes,Picidae,Melanerpes,aurifrons
737,4090,Red-bellied Woodpecker,Pic à ventre roux,Melanerpes carolinus,Piciformes,Picidae,Melanerpes,carolinus
738,4040,Williamson's Sapsucker,Pic de Williamson,Sphyrapicus thyroideus,Piciformes,Picidae,Sphyrapicus,thyroideus
739,4020,Yellow-bellied Sapsucker,Pic maculé,Sphyrapicus varius,Piciformes,Picidae,Sphyrapicus,varius
740,4021,Red-naped Sapsucker,Pic à nuque rouge,Sphyrapicus nuchalis,Piciformes,Picidae,Sphyrapicus,nuchalis
741,4030,Red-breasted Sapsucker,Pic à poitrine rouge,Sphyrapicus ruber,Piciformes,Picidae,Sphyrapicus,ruber
742,4022,unid. sapsucker,unid Sphyrapicus sp.,Sphyrapicus sp.,Piciformes,Picidae,Sphyrapicus,sp.
743,4010,American Three-toed Woodpecker,Pic à dos rayé,Picoides dorsalis,Piciformes,Picidae,Picoides,dorsalis
744,4000,Black-backed Woodpecker,Pic à dos noir,Picoides arcticus,Piciformes,Picidae,Picoides,arcticus
746,3940,Downy Woodpecker,Pic mineur,Dryobates pubescens,Piciformes,Picidae,Dryobates,pubescens
747,3970,Nuttall's Woodpecker,Pic de Nuttall,Dryobates nuttallii,Piciformes,Picidae,Dryobates,nuttallii
748,3960,Ladder-backed Woodpecker,Pic arlequin,Dryobates scalaris,Piciformes,Picidae,Dryobates,scalaris
749,3950,Red-cockaded Woodpecker,Pic à face blanche,Dryobates borealis,Piciformes,Picidae,Dryobates,borealis
750,3930,Hairy Woodpecker,Pic chevelu,Dryobates villosus,Piciformes,Picidae,Dryobates,villosus
751,3990,White-headed Woodpecker,Pic à tête blanche,Dryobates albolarvatus,Piciformes,Picidae,Dryobates,albolarvatus
753,3975,Arizona Woodpecker,Pic d'Arizona,Dryobates arizonae,Piciformes,Picidae,Dryobates,arizonae
757,4123,(unid. Red/Yellow Shafted) Northern Flicker,Pic flamboyant (groupe non identifié),Colaptes auratus,Piciformes,Picidae,Colaptes,auratus
758,4120,(Yellow-shafted Flicker) Northern Flicker,Pic flamboyant (groupe auratus),Colaptes auratus auratus,Piciformes,Picidae,Colaptes,auratus auratus
759,4130,(Red-shafted Flicker) Northern Flicker,Pic flamboyant (groupe cafer),Colaptes auratus cafer,Piciformes,Picidae,Colaptes,auratus cafer
760,4125,hybrid Northern Flicker (Red x Yellow-shafted),hybride Pic flamboyant (cafer x auratus),Colaptes auratus auratus x auratus cafer,Piciformes,Picidae,Colaptes,auratus auratus x auratus cafer
761,4140,Gilded Flicker,Pic chrysoïde,Colaptes chrysoides,Piciformes,Picidae,Colaptes,chrysoides
764,4050,Pileated Woodpecker,Grand Pic,Dryocopus pileatus,Piciformes,Picidae,Dryocopus,pileatus
766,3920,unid. woodpecker,unid Pic sp.,Woodpecker sp.,Piciformes,Picidae,Woodpecker,sp.
771,3620,Crested Caracara,Caracara du Nord,Caracara cheriway,Falconiformes,Falconidae,Caracara,cheriway
773,3600,American Kestrel,Crécerelle d'Amérique,Falco sparverius,Falconiformes,Falconidae,Falco,sparverius
775,3570,Merlin,Faucon émerillon,Falco columbarius,Falconiformes,Falconidae,Falco,columbarius
777,3590,Aplomado Falcon,Faucon aplomado,Falco femoralis,Falconiformes,Falconidae,Falco,femoralis
780,3540,Gyrfalcon,Faucon gerfaut,Falco rusticolus,Falconiformes,Falconidae,Falco,rusticolus
781,3560,Peregrine Falcon,Faucon pèlerin,Falco peregrinus,Falconiformes,Falconidae,Falco,peregrinus
782,3550,Prairie Falcon,Faucon des prairies,Falco mexicanus,Falconiformes,Falconidae,Falco,mexicanus
783,3824,Monk Parakeet,Conure veuve,Myiopsitta monachus,Psittaciformes,Psittacidae,Myiopsitta,monachus
786,51830,Nanday Parakeet,Conure nanday,Aratinga nenday,Psittaciformes,Psittacidae,Aratinga,nenday
800,52021,Yellow-chevroned Parakeet,Toui à ailes jaunes,Brotogeris chiriri,Psittaciformes,Psittacidae,Brotogeris,chiriri
801,3827,unid. White-winged / Yellow-chevroned Parakeet,Toui à ailes variées / Toui à ailes jaunes,Brotogeris versicolurus / chiriri,Psittaciformes,Psittacidae,Brotogeris,versicolurus / chiriri
806,3826,Red-crowned Parrot,Amazone à joues vertes,Amazona viridigenalis,Psittaciformes,Psittacidae,Amazona,viridigenalis
813,3823,Rose-ringed Parakeet,Perruche à collier,Psittacula krameri,Psittaciformes,Psittaculidae,Psittacula,krameri
815,3822,Budgerigar,Perruche ondulée,Melopsittacus undulatus,Psittaciformes,Psittaculidae,Melopsittacus,undulatus
859,4411,Rose-throated Becard,Bécarde à gorge rose,Pachyramphus aglaiae,Passeriformes,Tityridae,Pachyramphus,aglaiae
872,4720,Northern Beardless-Tyrannulet,Tyranneau imberbe,Camptostoma imberbe,Passeriformes,Tyrannidae,Camptostoma,imberbe
882,4550,Dusky-capped Flycatcher,Tyran olivâtre,Myiarchus tuberculifer,Passeriformes,Tyrannidae,Myiarchus,tuberculifer
883,4540,Ash-throated Flycatcher,Tyran à gorge cendrée,Myiarchus cinerascens,Passeriformes,Tyrannidae,Myiarchus,cinerascens
885,4520,Great Crested Flycatcher,Tyran huppé,Myiarchus crinitus,Passeriformes,Tyrannidae,Myiarchus,crinitus
886,4530,Brown-crested Flycatcher,Tyran de Wied,Myiarchus tyrannulus,Passeriformes,Tyrannidae,Myiarchus,tyrannulus
889,4490,Great Kiskadee,Tyran quiquivi,Pitangus sulphuratus,Passeriformes,Tyrannidae,Pitangus,sulphuratus
893,4510,Sulphur-bellied Flycatcher,Tyran tigré,Myiodynastes luteiventris,Passeriformes,Tyrannidae,Myiodynastes,luteiventris
897,4460,Tropical Kingbird,Tyran mélancolique,Tyrannus melancholicus,Passeriformes,Tyrannidae,Tyrannus,melancholicus
898,4461,Couch's Kingbird,Tyran de Couch,Tyrannus couchii,Passeriformes,Tyrannidae,Tyrannus,couchii
899,4462,unid. Tropical Kingbird / Couch's Kingbird,unid Tyran mélancolique / Tyran de Couch,Tyrannus melancholicus / couchii,Passeriformes,Tyrannidae,Tyrannus,melancholicus / couchii
900,4480,Cassin's Kingbird,Tyran de Cassin,Tyrannus vociferans,Passeriformes,Tyrannidae,Tyrannus,vociferans
901,4451,Thick-billed Kingbird,Tyran à bec épais,Tyrannus crassirostris,Passeriformes,Tyrannidae,Tyrannus,crassirostris
902,4470,Western Kingbird,Tyran de l'Ouest,Tyrannus verticalis,Passeriformes,Tyrannidae,Tyrannus,verticalis
903,4447,unid. Cassin's Kingbird / Western Kingbird,unid Tyran de Cassin / Tyran de l'Ouest,Tyrannus vociferans / verticalis,Passeriformes,Tyrannidae,Tyrannus,vociferans / verticalis
904,4440,Eastern Kingbird,Tyran tritri,Tyrannus tyrannus,Passeriformes,Tyrannidae,Tyrannus,tyrannus
905,4450,Gray Kingbird,Tyran gris,Tyrannus dominicensis,Passeriformes,Tyrannidae,Tyrannus,dominicensis
907,4430,Scissor-tailed Flycatcher,Tyran à longue queue,Tyrannus forficatus,Passeriformes,Tyrannidae,Tyrannus,forficatus
908,4420,Fork-tailed Flycatcher,Tyran des savanes,Tyrannus savana,Passeriformes,Tyrannidae,Tyrannus,savana
912,4590,Olive-sided Flycatcher,Moucherolle à côtés olive,Contopus cooperi,Passeriformes,Tyrannidae,Contopus,cooperi
913,4600,Greater Pewee,Moucherolle de Coues,Contopus pertinax,Passeriformes,Tyrannidae,Contopus,pertinax
914,4620,Western Wood-Pewee,Pioui de l'Ouest,Contopus sordidulus,Passeriformes,Tyrannidae,Contopus,sordidulus
915,4610,Eastern Wood-Pewee,Pioui de l'Est,Contopus virens,Passeriformes,Tyrannidae,Contopus,virens
918,4630,Yellow-bellied Flycatcher,Moucherolle à ventre jaune,Empidonax flaviventris,Passeriformes,Tyrannidae,Empidonax,flaviventris
919,4650,Acadian Flycatcher,Moucherolle vert,Empidonax virescens,Passeriformes,Tyrannidae,Empidonax,virescens
920,4661,Alder Flycatcher,Moucherolle des aulnes,Empidonax alnorum,Passeriformes,Tyrannidae,Empidonax,alnorum
921,4660,Willow Flycatcher,Moucherolle des saules,Empidonax traillii,Passeriformes,Tyrannidae,Empidonax,traillii
922,4665,unid. Alder Flycatcher / Willow Flycatcher,unid Moucherolle des aulnes / des saules,Empidonax alnorum / traillii,Passeriformes,Tyrannidae,Empidonax,alnorum / traillii
924,4670,Least Flycatcher,Moucherolle tchébec,Empidonax minimus,Passeriformes,Tyrannidae,Empidonax,minimus
925,4680,Hammond's Flycatcher,Moucherolle de Hammond,Empidonax hammondii,Passeriformes,Tyrannidae,Empidonax,hammondii
926,4691,Gray Flycatcher,Moucherolle gris,Empidonax wrightii,Passeriformes,Tyrannidae,Empidonax,wrightii
927,4690,Dusky Flycatcher,Moucherolle sombre,Empidonax oberholseri,Passeriformes,Tyrannidae,Empidonax,oberholseri
928,4689,unid. Hammond's Flycatcher / Dusky Flycatcher,unid Moucherolle Hammond's / Moucherolle Dusky,Empidonax hammondii / oberholseri,Passeriformes,Tyrannidae,Empidonax,hammondii / oberholseri
930,4641,Pacific-slope Flycatcher,Moucherolle côtier,Empidonax difficilis,Passeriformes,Tyrannidae,Empidonax,difficilis
931,4640,Cordilleran Flycatcher,Moucherolle des ravins,Empidonax occidentalis,Passeriformes,Tyrannidae,Empidonax,occidentalis
932,4642,unid. Cordilleran / Pacific-slope Flycatcher,unid Moucherolle côtier / Moucherolle des ravins,Empidonax difficilis / occidentalis,Passeriformes,Tyrannidae,Empidonax,difficilis / occidentalis
934,4700,Buff-breasted Flycatcher,Moucherolle beige,Empidonax fulvifrons,Passeriformes,Tyrannidae,Empidonax,fulvifrons
935,4679,unid. Empidonax flycatcher,unid Empidonax sp.,Empidonax sp.,Passeriformes,Tyrannidae,Empidonax,sp.
936,4580,Black Phoebe,Moucherolle noir,Sayornis nigricans,Passeriformes,Tyrannidae,Sayornis,nigricans
937,4560,Eastern Phoebe,Moucherolle phébi,Sayornis phoebe,Passeriformes,Tyrannidae,Sayornis,phoebe
938,4570,Say's Phoebe,Moucherolle à ventre roux,Sayornis saya,Passeriformes,Tyrannidae,Sayornis,saya
939,4710,Vermilion Flycatcher,Moucherolle vermillon,Pyrocephalus rubinus,Passeriformes,Tyrannidae,Pyrocephalus,rubinus
941,6220,Loggerhead Shrike,Pie-grièche migratrice,Lanius ludovicianus,Passeriformes,Laniidae,Lanius,ludovicianus
942,6210,Northern Shrike,Pie-grièche boréale,Lanius borealis,Passeriformes,Laniidae,Lanius,borealis
950,6300,Black-capped Vireo,Viréo à tête noire,Vireo atricapilla,Passeriformes,Vireonidae,Vireo,atricapilla
952,6310,White-eyed Vireo,Viréo aux yeux blancs,Vireo griseus,Passeriformes,Vireonidae,Vireo,griseus
957,6330,Bell's Vireo,Viréo de Bell,Vireo bellii,Passeriformes,Vireonidae,Vireo,bellii
958,6340,Gray Vireo,Viréo gris,Vireo vicinior,Passeriformes,Vireonidae,Vireo,vicinior
959,6320,Hutton's Vireo,Viréo de Hutton,Vireo huttoni,Passeriformes,Vireonidae,Vireo,huttoni
960,6280,Yellow-throated Vireo,Viréo à gorge jaune,Vireo flavifrons,Passeriformes,Vireonidae,Vireo,flavifrons
961,6291,Cassin's Vireo,Viréo de Cassin,Vireo cassinii,Passeriformes,Vireonidae,Vireo,cassinii
962,6290,Blue-headed Vireo,Viréo à tête bleue,Vireo solitarius,Passeriformes,Vireonidae,Vireo,solitarius
963,6295,unid. Cassin's Vireo / Blue-headed Vireo,unid Viréo de Cassin / Viréo à tête bleue,Vireo cassinii / solitarius,Passeriformes,Vireonidae,Vireo,cassinii / solitarius
964,6292,Plumbeous Vireo,Viréo plombé,Vireo plumbeus,Passeriformes,Vireonidae,Vireo,plumbeus
965,6296,unid. Plumbeous Vireo / Cassin's Vireo,unid Viréo plombé / Viréo de Cassin,Vireo plumbeus / cassinii,Passeriformes,Vireonidae,Vireo,plumbeus / cassinii
966,6260,Philadelphia Vireo,Viréo de Philadelphie,Vireo philadelphicus,Passeriformes,Vireonidae,Vireo,philadelphicus
967,6270,Warbling Vireo,Viréo mélodieux,Vireo gilvus,Passeriformes,Vireonidae,Vireo,gilvus
969,6240,Red-eyed Vireo,Viréo aux yeux rouges,Vireo olivaceus,Passeriformes,Vireonidae,Vireo,olivaceus
971,6230,Black-whiskered Vireo,Viréo à moustaches,Vireo altiloquus,Passeriformes,Vireonidae,Vireo,altiloquus
973,4840,Canada Jay,Mésangeai du Canada,Perisoreus canadensis,Passeriformes,Corvidae,Perisoreus,canadensis
982,4830,Green Jay,Geai vert,Cyanocorax yncas,Passeriformes,Corvidae,Cyanocorax,yncas
986,4920,Pinyon Jay,Geai des pinèdes,Gymnorhinus cyanocephalus,Passeriformes,Corvidae,Gymnorhinus,cyanocephalus
987,4780,Steller's Jay,Geai de Steller,Cyanocitta stelleri,Passeriformes,Corvidae,Cyanocitta,stelleri
988,4770,Blue Jay,Geai bleu,Cyanocitta cristata,Passeriformes,Corvidae,Cyanocitta,cristata
989,4790,Florida Scrub-Jay,Geai à gorge blanche,Aphelocoma coerulescens,Passeriformes,Corvidae,Aphelocoma,coerulescens
990,4811,Island Scrub-Jay,Geai de Santa Cruz,Aphelocoma insularis,Passeriformes,Corvidae,Aphelocoma,insularis
991,4812,California Scrub-Jay,Geai buissonnier,Aphelocoma californica,Passeriformes,Corvidae,Aphelocoma,californica
992,4813,Woodhouse's Scrub-Jay,Geai de Woodhouse,Aphelocoma woodhouseii,Passeriformes,Corvidae,Aphelocoma,woodhouseii
993,4810,unid. California Scrub-Jay / Woodhouse's Scrub-Jay,unid Geai buissonnier / Geai de Woodhouse,Aphelocoma californica / woodhouseii,Passeriformes,Corvidae,Aphelocoma,californica / woodhouseii
995,4820,Mexican Jay,Geai du Mexique,Aphelocoma wollweberi,Passeriformes,Corvidae,Aphelocoma,wollweberi
997,4910,Clark's Nutcracker,Cassenoix d'Amérique,Nucifraga columbiana,Passeriformes,Corvidae,Nucifraga,columbiana
998,4750,Black-billed Magpie,Pie d'Amérique,Pica hudsonia,Passeriformes,Corvidae,Pica,hudsonia
999,4760,Yellow-billed Magpie,Pie à bec jaune,Pica nuttalli,Passeriformes,Corvidae,Pica,nuttalli
1001,4880,American Crow,Corneille d'Amérique,Corvus brachyrhynchos,Passeriformes,Corvidae,Corvus,brachyrhynchos
1002,4890,Northwestern Crow,Corneille d'Alaska,Corvus caurinus,Passeriformes,Corvidae,Corvus,caurinus
1005,4900,Fish Crow,Corneille de rivage,Corvus ossifragus,Passeriformes,Corvidae,Corvus,ossifragus
1006,4881,unid. American Crow / Fish Crow,unid Corneille d'Amérique / Corneille de rivage,Corvus brachyrhynchos / ossifragus,Passeriformes,Corvidae,Corvus,brachyrhynchos / ossifragus
1007,4882,unid. American Crow / Northwestern Crow,unid Corneille d'Amérique / Corneille d'Alaska,Corvus brachyrhynchos / caurinus,Passeriformes,Corvidae,Corvus,brachyrhynchos / caurinus
1008,4870,Chihuahuan Raven,Corbeau à cou blanc,Corvus cryptoleucus,Passeriformes,Corvidae,Corvus,cryptoleucus
1009,4860,Common Raven,Grand Corbeau,Corvus corax,Passeriformes,Corvidae,Corvus,corax
1010,4865,unid. Chihuahuan Raven / Common Raven,unid Grand Corbeau / Corbeau à cou blanc,Corvus cryptoleucus / corax,Passeriformes,Corvidae,Corvus,cryptoleucus / corax
1011,4730,Eurasian Skylark,Alouette des champs,Alauda arvensis,Passeriformes,Alaudidae,Alauda,arvensis
1012,4740,Horned Lark,Alouette hausse-col,Eremophila alpestris,Passeriformes,Alaudidae,Eremophila,alpestris
1013,6160,Bank Swallow,Hirondelle de rivage,Riparia riparia,Passeriformes,Hirundinidae,Riparia,riparia
1014,6140,Tree Swallow,Hirondelle bicolore,Tachycineta bicolor,Passeriformes,Hirundinidae,Tachycineta,bicolor
1016,6150,Violet-green Swallow,Hirondelle à face blanche,Tachycineta thalassina,Passeriformes,Hirundinidae,Tachycineta,thalassina
1020,6170,Northern Rough-winged Swallow,Hirondelle à ailes hérissées,Stelgidopteryx serripennis,Passeriformes,Hirundinidae,Stelgidopteryx,serripennis
1024,6110,Purple Martin,Hirondelle noire,Progne subis,Passeriformes,Hirundinidae,Progne,subis
1028,6130,Barn Swallow,Hirondelle rustique,Hirundo rustica,Passeriformes,Hirundinidae,Hirundo,rustica
1030,6120,Cliff Swallow,Hirondelle à front blanc,Petrochelidon pyrrhonota,Passeriformes,Hirundinidae,Petrochelidon,pyrrhonota
1031,6121,Cave Swallow,Hirondelle à front brun,Petrochelidon fulva,Passeriformes,Hirundinidae,Petrochelidon,fulva
1032,6122,unid. Cave Swallow / Cliff Swallow,unid Hirondelle à front blanc / à front brun,Petrochelidon pyrrhonota / fulva,Passeriformes,Hirundinidae,Petrochelidon,pyrrhonota / fulva
1033,7360,Carolina Chickadee,Mésange de Caroline,Poecile carolinensis,Passeriformes,Paridae,Poecile,carolinensis
1034,7350,Black-capped Chickadee,Mésange à tête noire,Poecile atricapillus,Passeriformes,Paridae,Poecile,atricapillus
1035,7380,Mountain Chickadee,Mésange de Gambel,Poecile gambeli,Passeriformes,Paridae,Poecile,gambeli
1036,7370,Mexican Chickadee,Mésange grise,Poecile sclateri,Passeriformes,Paridae,Poecile,sclateri
1037,7410,Chestnut-backed Chickadee,Mésange à dos marron,Poecile rufescens,Passeriformes,Paridae,Poecile,rufescens
1038,7400,Boreal Chickadee,Mésange à tête brune,Poecile hudsonicus,Passeriformes,Paridae,Poecile,hudsonicus
1040,7352,unid. Carolina Chickadee / Black-capped Chickadee,unid Mésange de Caroline / Mésange à tête noire,Poecile carolinensis / atricapillus,Passeriformes,Paridae,Poecile,carolinensis / atricapillus
1041,7353,unid. Black-capped Chickadee / Mountain Chickadee,unid Mésange à tête noire / Mésange de Gambel,Poecile atricapillus / gambeli,Passeriformes,Paridae,Poecile,atricapillus / gambeli
1042,7354,unid. Black-capped Chickadee / Boreal Chickadee,unid Mésange à tête noire / Mésange à tête brune,Poecile atricapillus / hudsonicus,Passeriformes,Paridae,Poecile,atricapillus / hudsonicus
1043,7351,unid. western chickadee species,unid Mésange sp. de l'Ouest,Poecile sp.,Passeriformes,Paridae,Poecile,sp.
1044,7340,Bridled Titmouse,Mésange arlequin,Baeolophus wollweberi,Passeriformes,Paridae,Baeolophus,wollweberi
1045,7330,Oak Titmouse,Mésange unicolore,Baeolophus inornatus,Passeriformes,Paridae,Baeolophus,inornatus
1046,7331,Juniper Titmouse,Mésange des genévriers,Baeolophus ridgwayi,Passeriformes,Paridae,Baeolophus,ridgwayi
1047,7332,unid. Oak Titmouse / Juniper Titmouse,unid unid Mésange unicolore / Mésange des genévrie,Baeolophus inornatus / ridgwayi,Passeriformes,Paridae,Baeolophus,inornatus / ridgwayi
1048,7310,Tufted Titmouse,Mésange bicolore,Baeolophus bicolor,Passeriformes,Paridae,Baeolophus,bicolor
1049,7320,Black-crested Titmouse,Mésange à plumet noir,Baeolophus atricristatus,Passeriformes,Paridae,Baeolophus,atricristatus
1050,7315,unid. Tufted Titmouse / Black-crested Titmouse,unid Mésange bicolore / Mésange à plumet noir,Baeolophus bicolor / atricristatus,Passeriformes,Paridae,Baeolophus,bicolor / atricristatus
1051,7460,Verdin,Auripare verdin,Auriparus flaviceps,Passeriformes,Remizidae,Auriparus,flaviceps
1052,7430,Bushtit,Mésange buissonnière,Psaltriparus minimus,Passeriformes,Aegithalidae,Psaltriparus,minimus
1053,7280,Red-breasted Nuthatch,Sittelle à poitrine rousse,Sitta canadensis,Passeriformes,Sittidae,Sitta,canadensis
1054,7270,White-breasted Nuthatch,Sittelle à poitrine blanche,Sitta carolinensis,Passeriformes,Sittidae,Sitta,carolinensis
1055,7300,Pygmy Nuthatch,Sittelle pygmée,Sitta pygmaea,Passeriformes,Sittidae,Sitta,pygmaea
1056,7290,Brown-headed Nuthatch,Sittelle à tête brune,Sitta pusilla,Passeriformes,Sittidae,Sitta,pusilla
1057,7260,Brown Creeper,Grimpereau brun,Certhia americana,Passeriformes,Certhiidae,Certhia,americana
1058,7150,Rock Wren,Troglodyte des rochers,Salpinctes obsoletus,Passeriformes,Troglodytidae,Salpinctes,obsoletus
1060,7170,Canyon Wren,Troglodyte des canyons,Catherpes mexicanus,Passeriformes,Troglodytidae,Catherpes,mexicanus
1063,7210,House Wren,Troglodyte familier,Troglodytes aedon,Passeriformes,Troglodytidae,Troglodytes,aedon
1067,7221,Pacific Wren,Troglodyte de Baird,Troglodytes pacificus,Passeriformes,Troglodytidae,Troglodytes,pacificus
1068,7222,Winter Wren,Troglodyte des forêts,Troglodytes hiemalis,Passeriformes,Troglodytidae,Troglodytes,hiemalis
1069,7220,unid. Pacific Wren / Winter Wren,unid Troglodyte des forêts / Troglodyte de Baird,Troglodytes pacificus / hiemalis,Passeriformes,Troglodytidae,Troglodytes,pacificus / hiemalis
1070,7240,Sedge Wren,Troglodyte à bec court,Cistothorus platensis,Passeriformes,Troglodytidae,Cistothorus,platensis
1071,7250,Marsh Wren,Troglodyte des marais,Cistothorus palustris,Passeriformes,Troglodytidae,Cistothorus,palustris
1072,7180,Carolina Wren,Troglodyte de Caroline,Thryothorus ludovicianus,Passeriformes,Troglodytidae,Thryothorus,ludovicianus
1073,7190,Bewick's Wren,Troglodyte de Bewick,Thryomanes bewickii,Passeriformes,Troglodytidae,Thryomanes,bewickii
1081,7130,Cactus Wren,Troglodyte des cactus,Campylorhynchus brunneicapillus,Passeriformes,Troglodytidae,Campylorhynchus,brunneicapillus
1085,16600,Sinaloa Wren,Troglodyte du Sinaloa,Thryophilus sinaloa,Passeriformes,Troglodytidae,Thryophilus,sinaloa
1092,7510,Blue-gray Gnatcatcher,Gobemoucheron gris-bleu,Polioptila caerulea,Passeriformes,Polioptilidae,Polioptila,caerulea
1093,7530,California Gnatcatcher,Gobemoucheron de Californie,Polioptila californica,Passeriformes,Polioptilidae,Polioptila,californica
1094,7520,Black-tailed Gnatcatcher,Gobemoucheron à queue noire,Polioptila melanura,Passeriformes,Polioptilidae,Polioptila,melanura
1095,7539,unid. Blue-gray / Black-tailed Gnatcatcher,unid Gobemoucheron gris-bleu / à queue noire,Polioptila caerulea / melanura,Passeriformes,Polioptilidae,Polioptila,caerulea / melanura
1100,7010,American Dipper,Cincle d'Amérique,Cinclus mexicanus,Passeriformes,Cinclidae,Cinclus,mexicanus
1103,7480,Golden-crowned Kinglet,Roitelet à couronne dorée,Regulus satrapa,Passeriformes,Regulidae,Regulus,satrapa
1104,7490,Ruby-crowned Kinglet,Roitelet à couronne rubis,Regulus calendula,Passeriformes,Regulidae,Regulus,calendula
1111,7470,Arctic Warbler,Pouillot boréal,Phylloscopus borealis,Passeriformes,Phylloscopidae,Phylloscopus,borealis
1114,7420,Wrentit,Cama brune,Chamaea fasciata,Passeriformes,Sylviidae,Chamaea,fasciata
1125,7640,Bluethroat,Gorgebleue à miroir,Cyanecula svecica,Passeriformes,Muscicapidae,Cyanecula,svecica
1133,7650,Northern Wheatear,Traquet motteux,Oenanthe oenanthe,Passeriformes,Muscicapidae,Oenanthe,oenanthe
1134,7660,Eastern Bluebird,Merlebleu de l'Est,Sialia sialis,Passeriformes,Turdidae,Sialia,sialis
1135,7670,Western Bluebird,Merlebleu de l'Ouest,Sialia mexicana,Passeriformes,Turdidae,Sialia,mexicana
1136,7680,Mountain Bluebird,Merlebleu azuré,Sialia currucoides,Passeriformes,Turdidae,Sialia,currucoides
1137,7540,Townsend's Solitaire,Solitaire de Townsend,Myadestes townsendi,Passeriformes,Turdidae,Myadestes,townsendi
1145,7560,Veery,Grive fauve,Catharus fuscescens,Passeriformes,Turdidae,Catharus,fuscescens
1146,7570,Gray-cheeked Thrush,Grive à joues grises,Catharus minimus,Passeriformes,Turdidae,Catharus,minimus
1147,7571,Bicknell's Thrush,Grive de Bicknell,Catharus bicknelli,Passeriformes,Turdidae,Catharus,bicknelli
1148,7580,Swainson's Thrush,Grive à dos olive,Catharus ustulatus,Passeriformes,Turdidae,Catharus,ustulatus
1149,7590,Hermit Thrush,Grive solitaire,Catharus guttatus,Passeriformes,Turdidae,Catharus,guttatus
1150,7550,Wood Thrush,Grive des bois,Hylocichla mustelina,Passeriformes,Turdidae,Hylocichla,mustelina
1163,7610,American Robin,Merle d'Amérique,Turdus migratorius,Passeriformes,Turdidae,Turdus,migratorius
1165,7630,Varied Thrush,Grive à collier,Ixoreus naevius,Passeriformes,Turdidae,Ixoreus,naevius
1170,7040,Gray Catbird,Moqueur chat,Dumetella carolinensis,Passeriformes,Mimidae,Dumetella,carolinensis
1171,7070,Curve-billed Thrasher,Moqueur à bec courbe,Toxostoma curvirostre,Passeriformes,Mimidae,Toxostoma,curvirostre
1173,7050,Brown Thrasher,Moqueur roux,Toxostoma rufum,Passeriformes,Mimidae,Toxostoma,rufum
1174,7060,Long-billed Thrasher,Moqueur à long bec,Toxostoma longirostre,Passeriformes,Mimidae,Toxostoma,longirostre
1176,7080,Bendire's Thrasher,Moqueur de Bendire,Toxostoma bendirei,Passeriformes,Mimidae,Toxostoma,bendirei
1178,7100,California Thrasher,Moqueur de Californie,Toxostoma redivivum,Passeriformes,Mimidae,Toxostoma,redivivum
1179,7110,LeConte's Thrasher,Moqueur de LeConte,Toxostoma lecontei,Passeriformes,Mimidae,Toxostoma,lecontei
1180,7120,Crissal Thrasher,Moqueur cul-roux,Toxostoma crissale,Passeriformes,Mimidae,Toxostoma,crissale
1181,7020,Sage Thrasher,Moqueur des armoises,Oreoscoptes montanus,Passeriformes,Mimidae,Oreoscoptes,montanus
1182,7031,Bahama Mockingbird,Moqueur des Bahamas,Mimus gundlachii,Passeriformes,Mimidae,Mimus,gundlachii
1185,7030,Northern Mockingbird,Moqueur polyglotte,Mimus polyglottos,Passeriformes,Mimidae,Mimus,polyglottos
1186,4930,European Starling,Étourneau sansonnet,Sturnus vulgaris,Passeriformes,Sturnidae,Sturnus,vulgaris
1187,4932,Common Myna,Martin triste,Acridotheres tristis,Passeriformes,Sturnidae,Acridotheres,tristis
1188,6180,Bohemian Waxwing,Jaseur boréal,Bombycilla garrulus,Passeriformes,Bombycillidae,Bombycilla,garrulus
1189,6190,Cedar Waxwing,Jaseur d'Amérique,Bombycilla cedrorum,Passeriformes,Bombycillidae,Bombycilla,cedrorum
1190,6185,unid. Cedar Waxwing / Bohemian Waxwing,unid Jaseur sp.,Bombycilla garrulus / cedrorum,Passeriformes,Bombycillidae,Bombycilla,garrulus / cedrorum
1192,6200,Phainopepla,Phénopèple luisant,Phainopepla nitens,Passeriformes,Ptiliogonatidae,Phainopepla,nitens
1193,6510,Olive Warbler,Fauvine des pins,Peucedramus taeniatus,Passeriformes,Peucedramidae,Peucedramus,taeniatus
1195,19500,Northern Red Bishop,Euplecte franciscain,Euplectes franciscanus,Passeriformes,Ploceidae,Euplectes,franciscanus
1196,19510,Pin-tailed Whydah,Veuve dominicaine,Vidua macroura,Passeriformes,Viduidae,Vidua,macroura
1197,8110,Scaly-breasted Munia,Capucin damier,Lonchura punctulata,Passeriformes,Estrildidae,Lonchura,punctulata
1200,6882,House Sparrow,Moineau domestique,Passer domesticus,Passeriformes,Passeridae,Passer,domesticus
1201,6883,Eurasian Tree Sparrow,Moineau friquet,Passer montanus,Passeriformes,Passeridae,Passer,montanus
1202,6960,Eastern Yellow Wagtail,Bergeronnette de Béringie,Motacilla tschutschensis,Passeriformes,Motacillidae,Motacilla,tschutschensis
1205,6940,White Wagtail,Bergeronnette grise,Motacilla alba,Passeriformes,Motacillidae,Motacilla,alba
1209,6990,Red-throated Pipit,Pipit à gorge rousse,Anthus cervinus,Passeriformes,Motacillidae,Anthus,cervinus
1210,6970,American Pipit,Pipit d'Amérique,Anthus rubescens,Passeriformes,Motacillidae,Anthus,rubescens
1211,7000,Sprague's Pipit,Pipit de Sprague,Anthus spragueii,Passeriformes,Motacillidae,Anthus,spragueii
1221,5140,Evening Grosbeak,Gros-bec errant,Coccothraustes vespertinus,Passeriformes,Fringillidae,Coccothraustes,vespertinus
1224,5150,Pine Grosbeak,Durbec des sapins,Pinicola enucleator,Passeriformes,Fringillidae,Pinicola,enucleator
1227,5240,Gray-crowned Rosy-Finch,Roselin à tête grise,Leucosticte tephrocotis,Passeriformes,Fringillidae,Leucosticte,tephrocotis
1228,5250,Black Rosy-Finch,Roselin noir,Leucosticte atrata,Passeriformes,Fringillidae,Leucosticte,atrata
1229,5260,Brown-capped Rosy-Finch,Roselin à tête brune,Leucosticte australis,Passeriformes,Fringillidae,Leucosticte,australis
1230,5190,House Finch,Roselin familier,Haemorhous mexicanus,Passeriformes,Fringillidae,Haemorhous,mexicanus
1231,5170,Purple Finch,Roselin pourpré,Haemorhous purpureus,Passeriformes,Fringillidae,Haemorhous,purpureus
1232,5180,Cassin's Finch,Roselin de Cassin,Haemorhous cassinii,Passeriformes,Fringillidae,Haemorhous,cassinii
1233,5195,unid. Purple Finch / Cassin's Finch / House Finch,unid Roselin pourpré / de Cassin / familier,Carpodacus purpureus / cassinii / mexicanus,Passeriformes,Fringillidae,Carpodacus,purpureus / cassinii / mexicanus
1236,5280,Common Redpoll,Sizerin flammé,Acanthis flammea,Passeriformes,Fringillidae,Acanthis,flammea
1237,5270,Hoary Redpoll,Sizerin blanchâtre,Acanthis hornemanni,Passeriformes,Fringillidae,Acanthis,hornemanni
1238,5275,unid. Common Redpoll / Hoary Redpoll,unid Sizerin flame / Sizerin blanchâtre,Carduelis flammea / hornemanni,Passeriformes,Fringillidae,Carduelis,flammea / hornemanni
1239,5210,Red Crossbill,Bec-croisé des sapins,Loxia curvirostra,Passeriformes,Fringillidae,Loxia,curvirostra
1241,5212,Unid. Cassia Crossbill / Red Crossbill,Unid Bec-croisé de l'Idaho / des sapins,Loxia sinesciuris / curvirostra,Passeriformes,Fringillidae,Loxia,sinesciuris / curvirostra
1242,5220,White-winged Crossbill,Bec-croisé bifascié,Loxia leucoptera,Passeriformes,Fringillidae,Loxia,leucoptera
1243,5225,unid. Red Crossbill / White-winged Crossbill,unid Bec-croisé des sapins / Bec-croisé bifascié,Loxia curvirostra / leucoptera,Passeriformes,Fringillidae,Loxia,curvirostra / leucoptera
1244,5261,European Goldfinch,Chardonneret élégant,Carduelis carduelis,Passeriformes,Fringillidae,Carduelis,carduelis
1246,5330,Pine Siskin,Tarin des pins,Spinus pinus,Passeriformes,Fringillidae,Spinus,pinus
1249,5300,Lesser Goldfinch,Chardonneret mineur,Spinus psaltria,Passeriformes,Fringillidae,Spinus,psaltria
1250,5310,Lawrence's Goldfinch,Chardonneret gris,Spinus lawrencei,Passeriformes,Fringillidae,Spinus,lawrencei
1251,5290,American Goldfinch,Chardonneret jaune,Spinus tristis,Passeriformes,Fringillidae,Spinus,tristis
1252,5360,Lapland Longspur,Plectrophane lapon,Calcarius lapponicus,Passeriformes,Calcariidae,Calcarius,lapponicus
1253,5380,Chestnut-collared Longspur,Plectrophane à ventre noir,Calcarius ornatus,Passeriformes,Calcariidae,Calcarius,ornatus
1254,5370,Smith's Longspur,Plectrophane de Smith,Calcarius pictus,Passeriformes,Calcariidae,Calcarius,pictus
1255,5390,McCown's Longspur,Plectrophane de McCown,Rhynchophanes mccownii,Passeriformes,Calcariidae,Rhynchophanes,mccownii
1256,5340,Snow Bunting,Plectrophane des neiges,Plectrophenax nivalis,Passeriformes,Calcariidae,Plectrophenax,nivalis
1269,5790,Rufous-winged Sparrow,Bruant à épaulettes,Peucaea carpalis,Passeriformes,Passerellidae,Peucaea,carpalis
1274,5760,Botteri's Sparrow,Bruant de Botteri,Peucaea botterii,Passeriformes,Passerellidae,Peucaea,botterii
1275,5780,Cassin's Sparrow,Bruant de Cassin,Peucaea cassinii,Passeriformes,Passerellidae,Peucaea,cassinii
1276,5750,Bachman's Sparrow,Bruant des pinèdes,Peucaea aestivalis,Passeriformes,Passerellidae,Peucaea,aestivalis
1277,5460,Grasshopper Sparrow,Bruant sauterelle,Ammodramus savannarum,Passeriformes,Passerellidae,Ammodramus,savannarum
1278,5860,Olive Sparrow,Tohi olive,Arremonops rufivirgatus,Passeriformes,Passerellidae,Arremonops,rufivirgatus
1281,5730,Black-throated Sparrow,Bruant à gorge noire,Amphispiza bilineata,Passeriformes,Passerellidae,Amphispiza,bilineata
1282,5520,Lark Sparrow,Bruant à joues marron,Chondestes grammacus,Passeriformes,Passerellidae,Chondestes,grammacus
1283,6050,Lark Bunting,Bruant noir et blanc,Calamospiza melanocorys,Passeriformes,Passerellidae,Calamospiza,melanocorys
1284,5600,Chipping Sparrow,Bruant familier,Spizella passerina,Passeriformes,Passerellidae,Spizella,passerina
1285,5610,Clay-colored Sparrow,Bruant des plaines,Spizella pallida,Passeriformes,Passerellidae,Spizella,pallida
1286,5650,Black-chinned Sparrow,Bruant à menton noir,Spizella atrogularis,Passeriformes,Passerellidae,Spizella,atrogularis
1287,5630,Field Sparrow,Bruant des champs,Spizella pusilla,Passeriformes,Passerellidae,Spizella,pusilla
1288,5620,Brewer's Sparrow,Bruant de Brewer,Spizella breweri,Passeriformes,Passerellidae,Spizella,breweri
1293,5850,Fox Sparrow,Bruant fauve,Passerella iliaca,Passeriformes,Passerellidae,Passerella,iliaca
1294,5590,American Tree Sparrow,Bruant hudsonien,Spizelloides arborea,Passeriformes,Passerellidae,Spizelloides,arborea
1296,5670,(Slate-colored Junco) Dark-eyed Junco,Junco ardoisé (groupe hyemalis),Junco hyemalis hyemalis,Passeriformes,Passerellidae,Junco,hyemalis hyemalis
1297,5671,(Oregon Junco) Dark-eyed Junco,Junco ardoisé (groupe oreganus),Junco hyemalis oreganus,Passeriformes,Passerellidae,Junco,hyemalis oreganus
1298,5680,(Pink-sided Junco) Dark-eyed Junco,Junco ardoisé (groupe mearnsi),Junco hyemalis mearnsi,Passeriformes,Passerellidae,Junco,hyemalis mearnsi
1299,5660,(White-winged Junco) Dark-eyed Junco,Junco ardoisé (à ailes blanches),Junco hyemalis aikeni,Passeriformes,Passerellidae,Junco,hyemalis aikeni
1300,5690,(Gray-headed Junco) Dark-eyed Junco,Junco ardoisé (à tête grise),Junco hyemalis caniceps,Passeriformes,Passerellidae,Junco,hyemalis caniceps
1301,5677,(unid. race) Dark-eyed Junco,Junco ardoisé (groupe non identifié),Junco hyemalis,Passeriformes,Passerellidae,Junco,hyemalis
1302,5700,Yellow-eyed Junco,Junco aux yeux jaunes,Junco phaeonotus,Passeriformes,Passerellidae,Junco,phaeonotus
1305,5540,White-crowned Sparrow,Bruant à couronne blanche,Zonotrichia leucophrys,Passeriformes,Passerellidae,Zonotrichia,leucophrys
1306,5570,Golden-crowned Sparrow,Bruant à couronne dorée,Zonotrichia atricapilla,Passeriformes,Passerellidae,Zonotrichia,atricapilla
1307,5530,Harris's Sparrow,Bruant à face noire,Zonotrichia querula,Passeriformes,Passerellidae,Zonotrichia,querula
1308,5580,White-throated Sparrow,Bruant à gorge blanche,Zonotrichia albicollis,Passeriformes,Passerellidae,Zonotrichia,albicollis
1309,5738,Sagebrush Sparrow,Bruant des armoises,Artemisiospiza nevadensis,Passeriformes,Passerellidae,Artemisiospiza,nevadensis
1310,5739,Bell's Sparrow,Bruant de Bell,Artemisiospiza belli,Passeriformes,Passerellidae,Artemisiospiza,belli
1311,5740,unid. Sagebrush Sparrow / Bell's Sparrow,unid Bruant des armoises / Burant de Bell,Artemisiospiza nevadensis / belli,Passeriformes,Passerellidae,Artemisiospiza,nevadensis / belli
1313,5400,Vesper Sparrow,Bruant vespéral,Pooecetes gramineus,Passeriformes,Passerellidae,Pooecetes,gramineus
1314,5480,LeConte's Sparrow,Bruant de LeConte,Ammospiza leconteii,Passeriformes,Passerellidae,Ammospiza,leconteii
1315,5500,Seaside Sparrow,Bruant maritime,Ammospiza maritima,Passeriformes,Passerellidae,Ammospiza,maritima
1316,5491,Nelson's Sparrow,Bruant de Nelson,Ammospiza nelsoni,Passeriformes,Passerellidae,Ammospiza,nelsoni
1317,5490,Saltmarsh Sparrow,Bruant à queue aiguë,Ammospiza caudacuta,Passeriformes,Passerellidae,Ammospiza,caudacuta
1318,5450,Baird's Sparrow,Bruant de Baird,Centronyx bairdii,Passeriformes,Passerellidae,Centronyx,bairdii
1319,5470,Henslow's Sparrow,Bruant de Henslow,Centronyx henslowii,Passeriformes,Passerellidae,Centronyx,henslowii
1320,5420,Savannah Sparrow,Bruant des prés,Passerculus sandwichensis,Passeriformes,Passerellidae,Passerculus,sandwichensis
1322,5810,Song Sparrow,Bruant chanteur,Melospiza melodia,Passeriformes,Passerellidae,Melospiza,melodia
1323,5830,Lincoln's Sparrow,Bruant de Lincoln,Melospiza lincolnii,Passeriformes,Passerellidae,Melospiza,lincolnii
1324,5840,Swamp Sparrow,Bruant des marais,Melospiza georgiana,Passeriformes,Passerellidae,Melospiza,georgiana
1326,5910,Canyon Towhee,Tohi des canyons,Melozone fusca,Passeriformes,Passerellidae,Melozone,fusca
1328,5920,Abert's Towhee,Tohi d'Abert,Melozone aberti,Passeriformes,Passerellidae,Melozone,aberti
1329,5911,California Towhee,Tohi de Californie,Melozone crissalis,Passeriformes,Passerellidae,Melozone,crissalis
1333,5800,Rufous-crowned Sparrow,Tohi à calotte fauve,Aimophila ruficeps,Passeriformes,Passerellidae,Aimophila,ruficeps
1335,5900,Green-tailed Towhee,Tohi à queue verte,Pipilo chlorurus,Passeriformes,Passerellidae,Pipilo,chlorurus
1336,5880,Spotted Towhee,Tohi tacheté,Pipilo maculatus,Passeriformes,Passerellidae,Pipilo,maculatus
1337,5870,Eastern Towhee,Tohi à flancs roux,Pipilo erythrophthalmus,Passeriformes,Passerellidae,Pipilo,erythrophthalmus
1338,5871,unid. Spotted Towhee / Eastern Towhee,unid Tohi tacheté / Tohi à flancs roux,Pipilo maculatus / erythrophthalmus,Passeriformes,Passerellidae,Pipilo,maculatus / erythrophthalmus
1343,6830,Yellow-breasted Chat,Ictérie polyglotte,Icteria virens,Passeriformes,Icteriidae,Icteria,virens
1344,4970,Yellow-headed Blackbird,Carouge à tête jaune,Xanthocephalus xanthocephalus,Passeriformes,Icteridae,Xanthocephalus,xanthocephalus
1345,4940,Bobolink,Goglu des prés,Dolichonyx oryzivorus,Passeriformes,Icteridae,Dolichonyx,oryzivorus
1346,5010,Eastern Meadowlark,Sturnelle des prés,Sturnella magna,Passeriformes,Icteridae,Sturnella,magna
1347,5011,Western Meadowlark,Sturnelle de l'Ouest,Sturnella neglecta,Passeriformes,Icteridae,Sturnella,neglecta
1348,5012,unid. Eastern Meadowlark / Western Meadowlark,unid Sturnelle des prés / Sturnelle de l'Ouest,Sturnella magna / neglecta,Passeriformes,Icteridae,Sturnella,magna / neglecta
1356,5060,Orchard Oriole,Oriole des vergers,Icterus spurius,Passeriformes,Icteridae,Icterus,spurius
1357,5050,Hooded Oriole,Oriole masqué,Icterus cucullatus,Passeriformes,Icteridae,Icterus,cucullatus
1361,5080,Bullock's Oriole,Oriole de Bullock,Icterus bullockii,Passeriformes,Icteridae,Icterus,bullockii
1363,5032,Spot-breasted Oriole,Oriole maculé,Icterus pectoralis,Passeriformes,Icteridae,Icterus,pectoralis
1364,5031,Altamira Oriole,Oriole à gros bec,Icterus gularis,Passeriformes,Icteridae,Icterus,gularis
1365,5030,Audubon's Oriole,Oriole d'Audubon,Icterus graduacauda,Passeriformes,Icteridae,Icterus,graduacauda
1366,5070,Baltimore Oriole,Oriole de Baltimore,Icterus galbula,Passeriformes,Icteridae,Icterus,galbula
1367,5078,hybrid Bullock's Oriole x Baltimore Oriole,hybride Oriole de Baltimore x Oriole de Bullock's,Icterus bullockii x galbula,Passeriformes,Icteridae,Icterus,bullockii x galbula
1368,5077,unid. Bullock's Oriole / Baltimore Oriole,unid Oriole de Baltimore / Oriole de Bullock's,Icterus bullockii / galbula,Passeriformes,Icteridae,Icterus,bullockii / galbula
1370,5040,Scott's Oriole,Oriole jaune-verdâtre,Icterus parisorum,Passeriformes,Icteridae,Icterus,parisorum
1371,4980,Red-winged Blackbird,Carouge à épaulettes,Agelaius phoeniceus,Passeriformes,Icteridae,Agelaius,phoeniceus
1372,5000,Tricolored Blackbird,Carouge de Californie,Agelaius tricolor,Passeriformes,Icteridae,Agelaius,tricolor
1374,4961,Shiny Cowbird,Vacher luisant,Molothrus bonariensis,Passeriformes,Icteridae,Molothrus,bonariensis
1375,4960,Bronzed Cowbird,Vacher bronzé,Molothrus aeneus,Passeriformes,Icteridae,Molothrus,aeneus
1376,4950,Brown-headed Cowbird,Vacher à tête brune,Molothrus ater,Passeriformes,Icteridae,Molothrus,ater
1377,4955,unid. Bronzed Cowbird / Brown-headed Cowbird,unid Vacher bronzé / à tête brune,Molothrus aeneus / ater,Passeriformes,Icteridae,Molothrus,aeneus / ater
1380,5090,Rusty Blackbird,Quiscale rouilleux,Euphagus carolinus,Passeriformes,Icteridae,Euphagus,carolinus
1381,5100,Brewer's Blackbird,Quiscale de Brewer,Euphagus cyanocephalus,Passeriformes,Icteridae,Euphagus,cyanocephalus
1382,5110,Common Grackle,Quiscale bronzé,Quiscalus quiscula,Passeriformes,Icteridae,Quiscalus,quiscula
1383,5130,Boat-tailed Grackle,Quiscale des marais,Quiscalus major,Passeriformes,Icteridae,Quiscalus,major
1384,5120,Great-tailed Grackle,Quiscale à longue queue,Quiscalus mexicanus,Passeriformes,Icteridae,Quiscalus,mexicanus
1385,5135,unid. Boat-tailed Grackle / Great-tailed Grackle,unid Quiscale des marais / Quiscale à longue queue,Quiscalus major / mexicanus,Passeriformes,Icteridae,Quiscalus,major / mexicanus
1386,6740,Ovenbird,Paruline couronnée,Seiurus aurocapilla,Passeriformes,Parulidae,Seiurus,aurocapilla
1387,6390,Worm-eating Warbler,Paruline vermivore,Helmitheros vermivorum,Passeriformes,Parulidae,Helmitheros,vermivorum
1388,6760,Louisiana Waterthrush,Paruline hochequeue,Parkesia motacilla,Passeriformes,Parulidae,Parkesia,motacilla
1389,6750,Northern Waterthrush,Paruline des ruisseaux,Parkesia noveboracensis,Passeriformes,Parulidae,Parkesia,noveboracensis
1390,6420,Golden-winged Warbler,Paruline à ailes dorées,Vermivora chrysoptera,Passeriformes,Parulidae,Vermivora,chrysoptera
1391,6410,Blue-winged Warbler,Paruline à ailes bleues,Vermivora cyanoptera,Passeriformes,Parulidae,Vermivora,cyanoptera
1392,6412,Brewster's Warbler (Golden-winged x Blue-winged),Paruline de Brewster,Vermivora cyanoptera x chrysoptera,Passeriformes,Parulidae,Vermivora,cyanoptera x chrysoptera
1393,6413,Lawrence's Warbler (Golden-winged x Blue-winged),Paruline de Lawrence,Vermivora chrysoptera x cyanoptera,Passeriformes,Parulidae,Vermivora,chrysoptera x cyanoptera
1394,6360,Black-and-white Warbler,Paruline noir et blanc,Mniotilta varia,Passeriformes,Parulidae,Mniotilta,varia
1395,6370,Prothonotary Warbler,Paruline orangée,Protonotaria citrea,Passeriformes,Parulidae,Protonotaria,citrea
1396,6380,Swainson's Warbler,Paruline de Swainson,Limnothlypis swainsonii,Passeriformes,Parulidae,Limnothlypis,swainsonii
1398,6470,Tennessee Warbler,Paruline obscure,Leiothlypis peregrina,Passeriformes,Parulidae,Leiothlypis,peregrina
1399,6460,Orange-crowned Warbler,Paruline verdâtre,Leiothlypis celata,Passeriformes,Parulidae,Leiothlypis,celata
1401,6430,Lucy's Warbler,Paruline de Lucy,Leiothlypis luciae,Passeriformes,Parulidae,Leiothlypis,luciae
1402,6450,Nashville Warbler,Paruline à joues grises,Leiothlypis ruficapilla,Passeriformes,Parulidae,Leiothlypis,ruficapilla
1403,6440,Virginia's Warbler,Paruline de Virginia,Leiothlypis virginiae,Passeriformes,Parulidae,Leiothlypis,virginiae
1404,6780,Connecticut Warbler,Paruline à gorge grise,Oporornis agilis,Passeriformes,Parulidae,Oporornis,agilis
1406,6800,MacGillivray's Warbler,Paruline des buissons,Geothlypis tolmiei,Passeriformes,Parulidae,Geothlypis,tolmiei
1407,6790,Mourning Warbler,Paruline triste,Geothlypis philadelphia,Passeriformes,Parulidae,Geothlypis,philadelphia
1408,6770,Kentucky Warbler,Paruline du Kentucky,Geothlypis formosa,Passeriformes,Parulidae,Geothlypis,formosa
1412,6810,Common Yellowthroat,Paruline masquée,Geothlypis trichas,Passeriformes,Parulidae,Geothlypis,trichas
1414,6840,Hooded Warbler,Paruline à capuchon,Setophaga citrina,Passeriformes,Parulidae,Setophaga,citrina
1415,6870,American Redstart,Paruline flamboyante,Setophaga ruticilla,Passeriformes,Parulidae,Setophaga,ruticilla
1416,6700,Kirtland's Warbler,Paruline de Kirtland,Setophaga kirtlandii,Passeriformes,Parulidae,Setophaga,kirtlandii
1417,6500,Cape May Warbler,Paruline tigrée,Setophaga tigrina,Passeriformes,Parulidae,Setophaga,tigrina
1418,6580,Cerulean Warbler,Paruline azurée,Setophaga cerulea,Passeriformes,Parulidae,Setophaga,cerulea
1419,6480,Northern Parula,Paruline à collier,Setophaga americana,Passeriformes,Parulidae,Setophaga,americana
1420,6490,Tropical Parula,Paruline à joues noires,Setophaga pitiayumi,Passeriformes,Parulidae,Setophaga,pitiayumi
1421,6570,Magnolia Warbler,Paruline à tête cendrée,Setophaga magnolia,Passeriformes,Parulidae,Setophaga,magnolia
1422,6600,Bay-breasted Warbler,Paruline à poitrine baie,Setophaga castanea,Passeriformes,Parulidae,Setophaga,castanea
1423,6620,Blackburnian Warbler,Paruline à gorge orangée,Setophaga fusca,Passeriformes,Parulidae,Setophaga,fusca
1424,6520,Yellow Warbler,Paruline jaune,Setophaga petechia,Passeriformes,Parulidae,Setophaga,petechia
1425,6590,Chestnut-sided Warbler,Paruline à flancs marron,Setophaga pensylvanica,Passeriformes,Parulidae,Setophaga,pensylvanica
1426,6610,Blackpoll Warbler,Paruline rayée,Setophaga striata,Passeriformes,Parulidae,Setophaga,striata
1427,6540,Black-throated Blue Warbler,Paruline bleue,Setophaga caerulescens,Passeriformes,Parulidae,Setophaga,caerulescens
1428,6720,Palm Warbler,Paruline à couronne rousse,Setophaga palmarum,Passeriformes,Parulidae,Setophaga,palmarum
1429,6710,Pine Warbler,Paruline des pins,Setophaga pinus,Passeriformes,Parulidae,Setophaga,pinus
1430,6550,(Myrtle Warbler) Yellow-rumped Warbler,Paruline à croupion jaune (groupe coronata),Setophaga coronata coronata,Passeriformes,Parulidae,Setophaga,coronata coronata
1431,6560,(Audubon's Warbler) Yellow-rumped Warbler,Paruline à croupion jaune (groupe auduboni),Setophaga coronata audoboni,Passeriformes,Parulidae,Setophaga,coronata audoboni
1432,6556,(unid. Myrtle/Audubon's) Yellow-rumped Warbler,Par. à croupion jaune (sous-espèce non identifié),Setophaga coronata,Passeriformes,Parulidae,Setophaga,coronata
1433,6630,Yellow-throated Warbler,Paruline à gorge jaune,Setophaga dominica,Passeriformes,Parulidae,Setophaga,dominica
1434,6730,Prairie Warbler,Paruline des prés,Setophaga discolor,Passeriformes,Parulidae,Setophaga,discolor
1435,6640,Grace's Warbler,Paruline de Grace,Setophaga graciae,Passeriformes,Parulidae,Setophaga,graciae
1436,6650,Black-throated Gray Warbler,Paruline grise,Setophaga nigrescens,Passeriformes,Parulidae,Setophaga,nigrescens
1437,6680,Townsend's Warbler,Paruline de Townsend,Setophaga townsendi,Passeriformes,Parulidae,Setophaga,townsendi
1438,6690,Hermit Warbler,Paruline à tête jaune,Setophaga occidentalis,Passeriformes,Parulidae,Setophaga,occidentalis
1439,6686,hybrid Townsend's Warbler x Hermit Warbler,hybride Paruline de Townsend x à tête jaune,Setophaga townsendi x occidentalis,Passeriformes,Parulidae,Setophaga,townsendi x occidentalis
1440,6685,unid. Townsend's Warbler / Hermit Warbler,unid Paruline de Townsend / Paruline à tête jaune,Setophaga townsendi / occidentalis,Passeriformes,Parulidae,Setophaga,townsendi / occidentalis
1441,6660,Golden-cheeked Warbler,Paruline à dos noir,Setophaga chrysoparia,Passeriformes,Parulidae,Setophaga,chrysoparia
1442,6670,Black-throated Green Warbler,Paruline à gorge noire,Setophaga virens,Passeriformes,Parulidae,Setophaga,virens
1447,6860,Canada Warbler,Paruline du Canada,Cardellina canadensis,Passeriformes,Parulidae,Cardellina,canadensis
1448,6850,Wilson's Warbler,Paruline à calotte noire,Cardellina pusilla,Passeriformes,Parulidae,Cardellina,pusilla
1449,6900,Red-faced Warbler,Paruline à face rouge,Cardellina rubrifrons,Passeriformes,Parulidae,Cardellina,rubrifrons
1452,6880,Painted Redstart,Paruline à ailes blanches,Myioborus pictus,Passeriformes,Parulidae,Myioborus,pictus
1455,6090,Hepatic Tanager,Piranga orangé,Piranga flava,Passeriformes,Cardinalidae,Piranga,flava
1456,6100,Summer Tanager,Piranga vermillon,Piranga rubra,Passeriformes,Cardinalidae,Piranga,rubra
1457,6080,Scarlet Tanager,Piranga écarlate,Piranga olivacea,Passeriformes,Cardinalidae,Piranga,olivacea
1458,6070,Western Tanager,Piranga à tête rouge,Piranga ludoviciana,Passeriformes,Cardinalidae,Piranga,ludoviciana
1466,5930,Northern Cardinal,Cardinal rouge,Cardinalis cardinalis,Passeriformes,Cardinalidae,Cardinalis,cardinalis
1467,5940,Pyrrhuloxia,Cardinal pyrrhuloxia,Cardinalis sinuatus,Passeriformes,Cardinalidae,Cardinalis,sinuatus
1468,5935,unid. Northern Cardinal / Pyrrhuloxia,unid Cardinal rouge / Cardinal pyrrhuloxia,Cardinalis cardinalis / sinuatus,Passeriformes,Cardinalidae,Cardinalis,cardinalis / sinuatus
1470,5950,Rose-breasted Grosbeak,Cardinal à poitrine rose,Pheucticus ludovicianus,Passeriformes,Cardinalidae,Pheucticus,ludovicianus
1471,5960,Black-headed Grosbeak,Cardinal à tête noire,Pheucticus melanocephalus,Passeriformes,Cardinalidae,Pheucticus,melanocephalus
1477,5970,Blue Grosbeak,Guiraca bleu,Passerina caerulea,Passeriformes,Cardinalidae,Passerina,caerulea
1478,5990,Lazuli Bunting,Passerin azuré,Passerina amoena,Passeriformes,Cardinalidae,Passerina,amoena
1479,5980,Indigo Bunting,Passerin indigo,Passerina cyanea,Passeriformes,Cardinalidae,Passerina,cyanea
1480,5986,hybrid Lazuli Bunting x Indigo Bunting,hybride Passerin azuré x Passerin indigo,Passerina amoena x cyanea,Passeriformes,Cardinalidae,Passerina,amoena x cyanea
1483,6000,Varied Bunting,Passerin varié,Passerina versicolor,Passeriformes,Cardinalidae,Passerina,versicolor
1484,6010,Painted Bunting,Passerin nonpareil,Passerina ciris,Passeriformes,Cardinalidae,Passerina,ciris
1485,6040,Dickcissel,Dickcissel d'Amérique,Spiza americana,Passeriformes,Cardinalidae,Spiza,americana
